Surname, First_Name, Fullname, Country, Player_Namecode, Hidden
ABELA,Brian,Brian ABELA,USA,AAB,0
ABRAMS,Mitch,Mitch ABRAMS,USA,A1M,0
ACETO,Mario,Mario ACETO,Italy,AOM,0
ACQUE,Steve,Steve ACQUE,USA,AES,0
ADAMS,Kevin,Kevin ADAMS,USA,ASK,0
ADAMS,Clinton,Clinton ADAMS,USA,ASC,0
ADAMSSON,Jersee,Jersee ADAMSSON,Sweden,ANJ,0
AGER,Chris,Chris AGER,UK,ARC,0
AGUADO,Carlos,Carlos AGUADO,Spain,AOC,0
AHL,Mikael,Mikael AHL,Sweden,ALM,0
AIKENS,Jim,Jim AIKENS,USA,ASJ,0
AINSWORTH,Iain,Iain AINSWORTH,UK,AHI,0
ALEGRE,Albert,Albert ALEGRE,Spain,AEA,0
ALES,Mario,Mario ALES,Italy,ASM,0
ALESSE,Roberto,Roberto ALESSE,Italy,AER,0
ALLAN,Scott,Scott ALLAN,USA,ANC,0
ALLEN,Ryan,Ryan ALLEN,USA,C2R,0
ALLEN,Michael,Michael ALLEN,UK,A2M,0
ALLEXENBERG,Mike,Mike ALLEXENBERG,USA,AGM,0
ALM,Göran,Göran ALM,Sweden,AMG,0
ALONSO,Vince,Vince ALONSO,USA,AOV,0
ALPEYRIE,Jon,Jon ALPEYRIE,USA,AEJ,0
ALRIQ,Damien,Damien ALRIQ,France,AQD,0
AMIGHETTI,Lucio,Lucio AMIGHETTI,Italy,AIL,0
ANDERSEN,Darrell,Darrell ANDERSEN,USA,AN1,0
ANDERSON,Steve,Steve ANDERSON,USA,ANT,0
ANDERSON,Paul,Paul ANDERSON,USA,ANA,0
ANDERSSON,Robert,Robert ANDERSSON,Sweden,ANR,0
ANDERSSON,Göran,Göran ANDERSSON,Sweden,ANG,0
ANDREU,Jorge,Jorge ANDREU,Spain,AUJ,0
Andrews,Neil,Neil Andrews,Australia,A1N,0
ANGELL,Cloyde,Cloyde ANGELL,USA,ALC,0
ANGRISANI,Dave,Dave ANGRISANI,USA,AID,0
ANSELIN,Pierre,Pierre ANSELIN,France,ANP,0
ANTON,Paco,Paco ANTON,Spain,ANF,0
APON,Rico,Rico APON,Netherlands,A2R,0
APPEL,John,John APPEL,USA,ALJ,0
ARGENT,Chas,Chas ARGENT,USA,ATC,0
ARMONIA,Salvatore,Salvatore ARMONIA,France,AAS,0
ARMSTRONG,Spencer,Spencer ARMSTRONG,USA,AGS,1
ARNOLD,Tom,Tom ARNOLD,USA,ADT,0
ARRACHART,Laurent,Laurent ARRACHART,France,ATL,0
ARRIETA,Rob,Rob ARRIETA,USA,AAR,0
ARSTAD,Bjoerner,Bjoerner ARSTAD,Norway,ADB,0
ARTHUR,Joe,Joe ARTHUR,UK,ARJ,0
ASHBAUGH,Bill,Bill ASHBAUGH,USA,AGW,0
ASSELIN,Paul,Paul ASSELIN,Canada,A2P,0
ASTRUC,Jérome,Jérome ASTRUC,France,ACJ,0
ATKIN,Andrew,Andrew ATKIN,Canada,AN0,0
ATTERBERRY,Forest,Forest ATTERBERRY,USA,AYF,0
ATTRIDGE,Joss,Joss ATTRIDGE,UK,A8J,0
AUDEMARD,Patrice,Patrice AUDEMARD,France,ADP,0
AUDEMARD,Didier,Didier AUDEMARD,France,ADD,0
AUGUSTINE,Mike,Mike AUGUSTINE,USA,AEM,0
AUSDENMORE,Richard,Richard AUSDENMORE,USA,A8R,0
AUSTIN,Steve,Steve AUSTIN,USA,A21,0
AVANTS,Brett,Brett AVANTS,USA,ASB,0
AVI,Aris,Aris AVI,British,AIA,0
AVTGES,Nick,Nick AVTGES,USA,ASI,0
BAAS,Jean-Luc,Jean-Luc BAAS,France,BSJ,0
BABAULT,Laurent,Laurent BABAULT,France,B4L,0
BACCHINI,Danilo,Danilo BACCHINI,Italy,BID,0
BADER,Matthias,Matthias BADER,Germany,23M,0
BADER,Markus,Markus BADER,Germany,B3M,0
BAKKE,Nils,Nils BAKKE,Norway,BEN,0
BAL,Jas,Jas BAL,UK,BLJ,0
BALAGUER MONFERRER,José Tomas,José Tomas BALAGUER MONFERRER,Spain,B3J,0
BALDWIN,Sam,Sam BALDWIN,USA,B21,0
BALL,Blake,Blake BALL,Canada,BLB,0
BALMASEDA,Robert,Robert BALMASEDA,USA,BAR,0
BALSOM,Ken,Ken BALSOM,Canada,BMK,0
BANHAM,Steve,Steve BANHAM,Australia,BMS,0
BANOZIC,Rob,Rob BANOZIC,USA,BCR,0
BANYULS,José-Luis,José-Luis BANYULS,Spain,BSO,0
BARBAROUX,Philippe,Philippe BARBAROUX,USA,3XP,0
BARBER,Matt,Matt BARBER,Canada,236,0
BARBUSCIA,Wilfried,Wilfried BARBUSCIA,France,BAW,0
BARKER,Martin,Martin BARKER,UK,BRM,0
BARNDORPH,Tomas,Tomas BARNDORPH,Denmark,BHT,0
BARNETT,Jared,Jared BARNETT,Australia,BTJ,0
BARNETTE,Rob,Rob BARNETTE,USA,BE1,0
BARSNESS,Greg,Greg BARSNESS,USA,BSG,0
BARTIS,Ernie,Ernie BARTIS,USA,BSR,0
BARTLETT,Gary,Gary BARTLETT,USA,BTG,0
BARTOO,Roy,Roy BARTOO,USA,BOR,0
BATARD,Christophe,Christophe BATARD,France,BDC,0
BATES,George,George BATES,Singapore,B1G,0
BATES,Dan,Dan BATES,USA,BSD,0
BAULT,Todd,Todd BAULT,USA,BT4,0
BAUMBER,Wayne,Wayne BAUMBER,UK,BRW,0
BAUVENT,Alain,Alain BAUVENT,France,24A,0
BAYS,John,John BAYS,USA,B1J,0
BEAS,Javier,Javier BEAS,Spain,214,0
BEATON,Andy,Andy BEATON,Canada,B2A,0
BECHENNEC,Jean Luc,Jean Luc BECHENNEC,France,BCJ,0
BEDDES,Nathan,Nathan BEDDES,USA,BSN,0
BEEKMAN,Edward,Edward BEEKMAN,USA,BN2,0
BEH-AHARON,Erez,Erez BEH-AHARON,Israel,B2E,0
BEHAR,Victor,Victor BEHAR,USA,BRV,0
BEIJARD,Dirk,Dirk BEIJARD,Netherlands,BDD,0
BELCHER,Sam,Sam BELCHER,USA,B3S,0
BELL,Scott,Scott BELL,USA,BLS,0
BELL,Colin,Colin BELL,UK,2LC,0
BELLAMY,Blair,Blair BELLAMY,Canada,BYB,0
BELMONTE,Francisco,Francisco BELMONTE,Spain,BEF,0
BENDAZZI,Davide,Davide BENDAZZI,Italy,BIV,0
BENDER,Trevor,Trevor BENDER,Canada,B34,0
BENDER,Bruce,Bruce BENDER,USA,BRB,0
BENDIS,Bob,Bob BENDIS,USA,BSB,0
BENN,Craig,Craig BENN,UK,BNC,0
BENNATI,Mauro,Mauro BENNATI,Italy,BIU,0
BENNER,Jean-Marc,Jean-Marc BENNER,France,BRJ,0
BENNET,Jim,Jim BENNET,Canada,B4J,0
BENNETT,Doug,Doug BENNETT,USA,BTD,0
BENOIS,Frédéric,Frédéric BENOIS,France,BSF,0
BENOIT,Al,Al BENOIT,USA,B4A,0
BENOIT,Sébastien,Sébastien BENOIT,France,B41,0
BERGER,Kurt,Kurt BERGER,Canada,B3K,0
BERGOT,Laurent,Laurent BERGOT,France,BTL,0
BERGWALL,Mattias,Mattias BERGWALL,Sweden,BLM,0
BERKMAN,Jim,Jim BERKMAN,USA,BNJ,0
BERNHEIM,Arnaud,Arnaud BERNHEIM,France,BMA,0
BERT,Arnaud,Arnaud BERT,France,BTR,0
BERTHOMé,Thierry,Thierry BERTHOMé,France,B8T,0
BERTRAND,Clément,Clément BERTRAND,France,B7C,0
BEST,Roger,Roger BEST,USA,BT1,0
BEST,Dan,Dan BEST,USA,B4D,0
BIBLER,John,John BIBLER,USA,BRH,0
BILLETT,Bruce,Bruce BILLETT,USA,B4B,0
BILLS,Alan,Alan BILLS,USA,BS1,0
BINNS,William,William BINNS,UK,BSW,0
BIRD,Bill,Bill BIRD,Canada,BDW,0
BISERNI,Alberto,Alberto BISERNI,Italy,BIA,0
BISHOP,Jim,Jim BISHOP,USA,BPJ,1
BISHOP,David,David BISHOP,Australia,BPD,0
BISS,Francis G.,Francis G. BISS,USA,B1F,0
BISTODEAU,Mike,Mike BISTODEAU,USA,BUM,0
BJORKÅS,Øyvind,Øyvind BJORKÅS,Norway,BSY,0
BLACK,Michael,Michael BLACK,USA,BK1,0
BLACKMORE,Mark,Mark BLACKMORE,UK,BER,0
BLACKWOOD,David,David BLACKWOOD,UK,B7B,0
BLAD,Brian,Brian BLAD,USA,BD1,0
BLAIR,Nigella,Nigella BLAIR,UK,BRL,0
BLANKENSHIP,Paul,Paul BLANKENSHIP,USA,BPP,0
BLANTON,Scott,Scott BLANTON,USA,BNS,0
BLASCO FORNOS,Daniel,Daniel BLASCO FORNOS,Spain,BOD,0
BLEYAERT,Doug,Doug BLEYAERT,USA,BTO,0
BLIERSBACH,Rolf-Udo,Rolf-Udo BLIERSBACH,Germany,BHR,0
BLOMSTRAND,Edward,Edward BLOMSTRAND,Sweden,BDE,0
BLUME,Marc,Marc BLUME,Switzerland,BEM,0
BOCK,John,John BOCK,USA,BK2,0
BODENHEIMER,Karl,Karl BODENHEIMER,USA,BRK,0
BODET,Benoit,Benoit BODET,France,BTB,0
BOEHLAND,Matt,Matt BOEHLAND,USA,BDM,0
BOERMAN,thom,thom BOERMAN,USA,BN4,0
BOLES,Kevin,Kevin BOLES,USA,BSK,0
BOLES,Jeff,Jeff BOLES,USA,31J,0
BOND,Steve,Steve BOND,Australia,BDS,0
BONDAY,Paul,Paul BONDAY,USA,BYP,0
BONEAR,Ron,Ron BONEAR,USA,BRR,0
BONGIOVANNI,Eric,Eric BONGIOVANNI,France,BIE,0
BONGIOVANNI,Michel,Michel BONGIOVANNI,France,BIM,0
BONHOMME,Bruno,Bruno BONHOMME,France,BEB,0
BOOK,Matt,Matt BOOK,USA,BKM,0
BOOMER,Jesse,Jesse BOOMER,USA,334,0
BORDER,Tim,Tim BORDER,USA,BRT,0
BOREL,Alain,Alain BOREL,Switzerland,BLA,0
BOSSI,Maurizio,Maurizio BOSSI,Italy,BI6,0
BOTTEMANE,Daniel,Daniel BOTTEMANE,France,BED,0
BOUDREAUX,Wayne,Wayne BOUDREAUX,USA,BXW,0
BOUDRENGHIEN,François,François BOUDRENGHIEN,France,BNF,0
BOUIS,Arnaud,Arnaud BOUIS,France,BSA,0
BOURGEAULT,Mike,Mike BOURGEAULT,Canada,BTM,0
BOWMAN,Broc,Broc BOWMAN,USA,B2B,0
BOYKO,Vincent,Vincent BOYKO,Canada,BOV,0
BOYLE,Jack,Jack BOYLE,USA,B8J,0
BRAACK,Thilo,Thilo BRAACK,Germany,BKT,0
BRACKIN,Jim,Jim BRACKIN,USA,22J,0
BRACKNEY,Chris,Chris BRACKNEY,USA,BYC,0
BRADLEY,Phil,Phil BRADLEY,USA,B5P,0
BRADLEY,Gary,Gary BRADLEY,USA,BYG,0
BRADSHAW,Kevin,Kevin BRADSHAW,USA,B9K,0
BRADY,Scott,Scott BRADY,USA,BYS,0
BRANNAN,Shane,Shane BRANNAN,USA,B2S,0
BRANT,Stuart,Stuart BRANT,UK,BTT,0
BRASSEUR,Steve,Steve BRASSEUR,USA,BRS,0
BRASWELL,Chandler,Chandler BRASWELL,USA,BLC,0
BRAULT,Todd,Todd BRAULT,USA,B44,0
BRAUND,Daniel,Daniel BRAUND,Canada,B77,0
BRAY,Alessandro,Alessandro BRAY,Italy,BYA,0
BRAY,Lee,Lee BRAY,UK,BYL,0
BRIAUX,Philippe,Philippe BRIAUX,France,BXP,0
BRIEADDY,Tim,Tim BRIEADDY,USA,BYT,0
BRIEN,Larry,Larry BRIEN,Canada,BNL,0
BRINKMANN,Maik,Maik BRINKMANN,Singapore,B2M,0
BRISSET,Patrice,Patrice BRISSET,France,B3P,0
BRISSET,Arnaud,Arnaud BRISSET,France,BTA,0
BRISTOW,Keith,Keith BRISTOW,UK,BWK,0
BROCHETON,Laurent,Laurent BROCHETON,France,B2L,0
BROCK,John,John BROCK,USA,BK3,0
BRODIE,Bill,Bill BRODIE,Australia,BE9,0
BROOKS,Curtis,Curtis BROOKS,USA,BSC,0
BROWN,Brian,Brian BROWN,USA,222,0
BROWN,Bob,Bob BROWN,USA,BNO,0
BRUNGER,Neil,Neil BRUNGER,UK,BRN,0
BRUNNER,Michael,Michael BRUNNER,USA,BR5,0
BUCKLEY,Steve,Steve BUCKLEY,USA,BY1,0
BUCKLEY,Bryce,Bryce BUCKLEY,USA,B5B,0
BUEHLER,Chris,Chris BUEHLER,USA,BRC,0
BUGGE,Hans,Hans BUGGE,Norway,BEH,0
BUNCE,Tim,Tim BUNCE,UK,BET,0
BUNTEN,Russ,Russ BUNTEN,USA,BNR,0
BURCHARDT,André,André BURCHARDT,Germany,BRD,0
BUREAU,Alban,Alban BUREAU,France,BUA,0
BURKHALTER,Hank,Hank BURKHALTER,USA,BR4,0
BURLEIGH,Stephen,Stephen BURLEIGH,Sweden,BHS,0
BURNETTE,Jason,Jason BURNETTE,USA,BE3,0
BURRIS,Jim (Jr.),Jim (Jr.) BURRIS,USA,BSI,0
BURRIS SR,Jim (Sr.),Jim (Sr.) BURRIS SR,USA,B2J,0
BURTON,Gerard,Gerard BURTON,UK,BNG,0
BURTON,Rob,Rob BURTON,USA,BN1,0
BURTON,Rich,Rich BURTON,USA,B23,0
BUSBY,Jeremy,Jeremy BUSBY,USA,BYJ,0
BUSER,Jeff,Jeff BUSER,USA,23J,0
BYRNE,Scott,Scott BYRNE,New Zealand,BES,0
BYWATER,Rob,Rob BYWATER,UK,B33,0
BøE,Ole,Ole BøE,Norway,BEO,0
CABEEN,Ted,Ted CABEEN,USA,0NT,0
CABRé,Marti,Marti CABRé,Spain,C8M,0
CADIEUX,Mike,Mike CADIEUX,USA,CXM,0
CAIRETA,Lluis,Lluis CAIRETA,Spain,CAU,0
CALCADA,Luis,Luis CALCADA,Portugal,CAL,0
CALHOUN,Mark,Mark CALHOUN,USA,C26,0
CALLEN,Bob,Bob CALLEN,USA,CN2,0
CALLEN,Rodney,Rodney CALLEN,USA,CNR,0
CALLEN,Andrew,Andrew CALLEN,USA,C2A,0
CALVIN,Jean-Philippe,Jean-Philippe CALVIN,France,CLJ,0
CAMERON,malcolm,malcolm CAMERON,Australia,026,0
CAMERON,Jason,Jason CAMERON,USA,C2J,0
CAMERON,Ernie,Ernie CAMERON,Canada,CNE,0
CAMPBELL,Thomas,Thomas CAMPBELL,USA,CLT,0
CAMPBELL,John,John CAMPBELL,USA,0LJ,0
CAMPFIELD,Michael R,Michael R CAMPFIELD,USA,CDM,0
CANEVESE,Alessandro,Alessandro CANEVESE,Italy,CEN,0
CANN,Al,Al CANN,USA,CN1,0
CANN,Jim,Jim CANN,USA,CN7,0
CANNON,Devin,Devin CANNON,USA,CND,0
CAPUTO,Piergiorgio,Piergiorgio CAPUTO,Italy,COI,0
CARBONIE,Toni,Toni CARBONIE,Spain,CET,0
CARDENAS,Daniel,Daniel CARDENAS,Spain,C1D,0
CAREY,Sam,Sam CAREY,USA,0Y1,0
CARIAGA,Dade,Dade CARIAGA,USA,CA7,0
CARIOLATO,Paolo,Paolo CARIOLATO,Italy,COA,0
CARLSSON,Andreas,Andreas CARLSSON,Sweden,CNA,0
CARMOUCHE,Paul,Paul CARMOUCHE,USA,C8P,0
CARPER,Jon,Jon CARPER,USA,C3J,0
CARROLL,Bill,Bill CARROLL,USA,CLW,0
CARSLAW,Billy,Billy CARSLAW,UK,CWB,0
CARSON,Bruce,Bruce CARSON,USA,CNB,0
CARTER,Matt,Matt CARTER,Canada,C36,0
CARTER,Mark,Mark CARTER,USA,CRM,0
CARTER,Rick,Rick CARTER,USA,C33,0
CARTER,Shaun,Shaun CARTER,UK,CRS,0
CARTER,Nick,Nick CARTER,UK,CRN,0
CARTER,Race,Race CARTER,USA,CRR,0
CASAGRANDA,Roy,Roy CASAGRANDA,USA,CAR,0
CASE,Paul,Paul CASE,UK,CEP,0
CASEY,Davidson,Davidson CASEY,USA,CYD,0
CASTELLANA,Chris,Chris CASTELLANA,USA,CA0,0
CASTELLà,Manuel,Manuel CASTELLà,Spain,CAM,0
CASTEN,Chris,Chris CASTEN,USA,0N0,0
CATANI,Gabriele,Gabriele CATANI,Italy,CIG,0
CATANZARO,Enrico,Enrico CATANZARO,Italy,COE,0
CAUBLE,Bill,Bill CAUBLE,USA,CEW,0
CEBRIAN,Juan-Carlos,Juan-Carlos CEBRIAN,Spain,CNJ,0
CEBULA,Jeff,Jeff CEBULA,USA,CAE,0
CELEBUSKI,Joe,Joe CELEBUSKI,USA,CIJ,0
CERDAN,P,P CERDAN,Spain,CNP,0
CERESA,Luca,Luca CERESA,Italy,CAC,0
CHABOT,Alain,Alain CHABOT,Canada,CTA,0
CHADWICK,Joe,Joe CHADWICK,USA,CDO,0
CHAMBERLAND,Paul,Paul CHAMBERLAND,USA,CDP,0
CHAMONTIN,Nicolas,Nicolas CHAMONTIN,France,C22,0
CHANEY,Guy,Guy CHANEY,USA,CYG,0
CHAPMAN,Chris,Chris CHAPMAN,USA,CNC,0
CHAZOTTES,Eric,Eric CHAZOTTES,France,CSE,0
CHENG,David,David CHENG,USA,CGD,0
CHEUNG,Lurk,Lurk CHEUNG,China,CGL,0
CHICOINE,Paul,Paul CHICOINE,USA,CE1,0
CHILDS,Bruce,Bruce CHILDS,USA,CSB,0
CHU,Christopher,Christopher CHU,China,CUC,0
CHURCH,Simon,Simon CHURCH,UK,CHS,0
CICERO,Matthew,Matthew CICERO,USA,COM,0
CILLUFFO,Pierre-Jean,Pierre-Jean CILLUFFO,France,COP,0
CIRILLO,Bill,Bill CIRILLO,USA,COW,0
CIRRINCIONE,Michael,Michael CIRRINCIONE,USA,C86,0
CISA,Enric,Enric CISA,Spain,CA8,0
CLAMOUR,Brice,Brice CLAMOUR,France,03B,0
CLARK,Mick,Mick CLARK,USA,CKM,0
CLARK,Brendan,Brendan CLARK,UK,CKB,0
CLARKE,Andy,Andy CLARKE,USA,CED,0
CLEAVIN,Aaron,Aaron CLEAVIN,New Zealand,CNN,0
CLEVENGER,Don,Don CLEVENGER,USA,C3D,0
CLOSIER,Laurent,Laurent CLOSIER,France,CRL,0
CMELAK,Jim,Jim CMELAK,USA,CKJ,0
COADY,Thomas,Thomas COADY,USA,CYT,0
COCHRAN,Scott,Scott COCHRAN,USA,CNS,0
COCHRANE,Andrew,Andrew COCHRANE,UK,C8A,0
COCKS,Steve,Steve COCKS,UK,CSS,0
CODINA,Francesc,Francesc CODINA,Spain,FAC,0
COLE,Jon,Jon COLE,Australia,CE3,0
COLIN,Lionel,Lionel COLIN,France,C2L,0
COLLAMER,Brian,Brian COLLAMER,USA,C3B,0
COLLEN,Mattias,Mattias COLLEN,Sweden,C2M,0
COLOSIMO,Massimiliano,Massimiliano COLOSIMO,Italy,C06,0
CONFORTI,Leonardo,Leonardo CONFORTI,Italy,CIL,0
CONKLIN,Mike,Mike CONKLIN,USA,CN4,0
CONLEY,Kevin,Kevin CONLEY,USA,C5K,0
CONNELLY,Roy,Roy CONNELLY,USA,CY1,0
CONNER,Lee,Lee CONNER,USA,CRE,0
CONTRERAS,José,José CONTRERAS,Spain,CSJ,0
COOK,Walt,Walt COOK,USA,CKW,0
COOK,Steve,Steve COOK,UK,CKS,0
COOPER,Steve,Steve COOPER,Canada,C31,0
COOPER,Stuart,Stuart COOPER,Canada,0R1,0
COPELAND,Bill,Bill COPELAND,usa,CDB,0
CORIASCO,Sandro,Sandro CORIASCO,Italy,COS,0
CORNEILLE,Mike,Mike CORNEILLE,USA,CEM,0
CORNWELL,Richard,Richard CORNWELL,Australia,CLR,0
CORRADINI,Claudio,Claudio CORRADINI,Italy,CIC,0
CORRIGAN,Eoin,Eoin CORRIGAN,Ireland,C2E,0
CORSO,Federico,Federico CORSO,Italy,COF,0
COUPé,Laurent,Laurent COUPé,France,CEL,0
COVEY,Joel,Joel COVEY,USA,0YJ,0
COWARD,Geoff,Geoff COWARD,USA,C7G,0
COX,Derek,Derek COX,UK,CXD,0
COYLE,Jeff,Jeff COYLE,USA,CEJ,0
CRATER,Zeke,Zeke CRATER,USA,CRZ,0
CRAWFORD,Brent,Brent CRAWFORD,USA,C7B,0
CREUTZ,Dave,Dave CREUTZ,USA,CZD,0
CRIBBS,Jamie,Jamie CRIBBS,USA,C1J,0
CRISTENSEN,Flemming Scott,Flemming Scott CRISTENSEN,Denmark,CNF,0
CROOME,Simon,Simon CROOME,UK,CES,0
CROSKERY,Kevin,Kevin CROSKERY,UK,CYK,0
CROUCH,Mark,Mark CROUCH,USA,CHM,0
CROWE,Richie,Richie CROWE,USA,CER,0
CUCCURULLO,Stefano,Stefano CUCCURULLO,Italy,CO1,0
CUESTA,Javier,Javier CUESTA,Spain,CAJ,0
CULLEN,Andrew,Andrew CULLEN,USA,CN5,0
CUMMINGS,Steve,Steve CUMMINGS,USA,C11,0
CUMMINS,Chad,Chad CUMMINS,usa,CSC,0
CUNEGO,Alessandro,Alessandro CUNEGO,Italy,COL,0
CUNIN,Laurent,Laurent CUNIN,France,CNL,0
CUNNINGHAM,Dan,Dan CUNNINGHAM,USA,CMD,0
CURRY,Russ,Russ CURRY,USA,CYR,0
CURTIS,Dick,Dick CURTIS,USA,CS1,0
CURTIS,Bill,Bill CURTIS,USA,CSW,0
CURZI,Stefano,Stefano CURZI,Italy,CIS,0
CUSTER,Don,Don CUSTER,USA,CRD,0
CVETINOVICH,Tom,Tom CVETINOVICH,USA,CHT,0
DA FORNO,Roberto,Roberto DA FORNO,Italy,DOR,0
DA PARA,Fabrizio,Fabrizio DA PRA,Italy,DAU,0
DAGERHäLL,Matts,Matts DAGERHäLL,Sweden,DLM,0
DAGNALL,Richard,Richard DAGNALL,UK,DLR,0
DALE,Raurigh,Raurigh DALE,UK,DER,0
DALE,Patrick,Patrick DALE,UK,DEP,0
DALLAIRE,Luc,Luc DALLAIRE,USA,7EL,0
DALLY,Dave,Dave DALLY,USA,DYD,0
DANDO,Andrew,Andrew DANDO,UK,DOA,0
DANIEL,Michael,Michael DANIEL,USA,DLI,0
DANIEL,Fred,Fred DANIEL,USA,DLF,0
DANIELS,Jack,Jack DANIELS,USA,DS2,0
DARBOE,Lars R.,Lars R. DARBOE,Denmark,78L,0
DARLING,Carl,Carl DARLING,Canada,DGC,0
DASSEL,David,David DASSEL,France,DLD,0
DASSEVILLE,Jean-Pierre,Jean-Pierre DASSEVILLE,Belgium,DEJ,0
DAUBIGNY,Bertrand,Bertrand DAUBIGNY,France,DYB,0
DAUGHERTY,Christian,Christian DAUGHERTY,USA,DYS,0
DAUGHETY,Ken,Ken DAUGHETY,USA,DYK,0
DAUPHINAIS,Jim,Jim DAUPHINAIS,USA,7SJ,0
DAVIDSSON,Tomas,Tomas DAVIDSSON,Sweden,DNT,0
DAVIES,Michael,Michael DAVIES,UK,DSM,0
DAVIES,Lawrence,Lawrence DAVIES,USA,DSL,0
DAVILA,Robert,Robert DAVILA,USA,DAR,0
DAVIS,Jon,Jon DAVIS,USA,DSJ,0
DAVIS,Al,Al DAVIS,USA,71A,0
DAVIS,Greg,Greg DAVIS,USA,DSG,0
DAVIS,Bob,Bob DAVIS,USA,DSR,0
DAWE,Joe,Joe DAWE,USA,78J,0
DAWSON,Ron,Ron DAWSON,USA,DNR,0
DAWSON,Jim,Jim DAWSON,USA,DNJ,0
DAYCO,Benji,Benji DAYCO,Philippines,DOB,0
DE MICHELIS,Alessandro,Alessandro DE MICHELIS,Italy,7SA,0
DE VRIES,Mark,Mark DE VRIES,USA,DSA,0
DE WAARD,Raymond,Raymond DE WAARD,Netherlands,WDR,0
DE WIT,Emmanuel ,Emmanuel  DE WIT,Belgium,DTM,0
DEANE,Tim,Tim DEANE,USA,DET,0
DEBRAAL,Jeff,Jeff DEBRAAL,USA,DLJ,0
DECALLONNE,Olivier,Olivier DECALLONNE,France,DEO,0
DECROLIER,Guy,Guy DECROLIER,Belgium,DRG,0
DEJEAN,Cédric,Cédric DEJEAN,France,DNC,0
DEKKER,Albrecht,Albrecht DEKKER,Netherlands,DRA,0
DEL GIACCO,Ian,Ian DEL GIACCO,USA,DOI,0
DEL GIACCO,Eric,Eric DEL GIACCO,USA,DOE,0
DELAURA,Norman,Norman DELAURA,USA,DAN,0
DELLER,Sean,Sean DELLER,USA,DRS,0
DELWOOD,Robert,Robert DELWOOD,USA,DDR,0
DEMORRIS,Will,Will DEMORRIS,USA,DSW,0
DEMOSS,Doug,Doug DEMOSS,USA,DSD,0
DENIAUD,Gregory,Gregory DENIAUD,France,77G,0
DENNER,Kevin,Kevin DENNER,USA,DRK,0
DENNIS,Neil,Neil DENNIS,USA,DSN,0
DENNIS,Steve,Steve DENNIS,USA,DSS,0
DENSON,Mike,Mike DENSON,USA,DNM,0
DEPPE,Armin,Armin DEPPE,Germany,DEA,0
DERESINSKI,David,David DERESINSKI,USA,DID,0
DESANOIS,Emmanuel,Emmanuel DESANOIS,France,DSE,0
DESCHMIDT,T.,T. DESCHMIDT,Belgium,DTT,0
DESROSIERS,Steve,Steve DESROSIERS,USA,DS1,0
DETHLEFSEN,Steve,Steve DETHLEFSEN,USA,DNE,0
DEVINE,Joe,Joe DEVINE,USA,DE3,0
DEWAELE,Hervé,Hervé DEWAELE,France,DEH,0
DEWHURST,Russell,Russell DEWHURST,USA,DTR,0
DEYOUNG,Jeff,Jeff DEYOUNG,USA,DGJ,0
DIBBEN,Jeremy,Jeremy DIBBEN,Australia,D2J,0
DIBBEN,Luke,Luke DIBBEN,Australia,DNL,0
DIETRICH,John,John DIETRICH,USA,DHJ,0
DIETSCH,Olivier,Olivier DIETSCH,France,DHO,0
DIONNE,Jack,Jack DIONNE,Canada,7EJ,0
DOARY,Chris,Chris DOARY,Canada,DYC,0
DOARY,Helen,Helen DOARY,Canada,DYH,0
DOBA,Serge,Serge DOBA,France,DAS,0
DOBER,John,John DOBER,USA,DRJ,0
DOBBS,Trent,Trent DOBBS,USA,DST,0
DOLAN,Dan,Dan DOLAN,USA,DN1,0
DOMOVIC,Rich,Rich DOMOVIC,USA,DHR,0
DONDé,Lionel,Lionel DONDé,France,DEL,0
DONIGIAN,Jeff,Jeff DONIGIAN,USA,72J,0
DONOVAN,Dennis,Dennis DONOVAN,USA,D2D,0
DOOLAEGHE,Björn,Björn DOOLAEGHE,Belgium,7EB,0
DOROSH,Michael,Michael DOROSH,Canada,DHM,0
DORRE,Bill,Bill DORRE,USA,DEB,0
DOW,John,John DOW,USA,DWJ,0
DOWD,Dennis,Dennis DOWD,USA,DDD,0
DOWNING,Hugh,Hugh DOWNING,UK,DGH,0
DOYLE,Zeb,Zeb DOYLE,USA,DEZ,0
DRANE,Scott,Scott DRANE,USA,DES,0
DRAPER,Phil,Phil DRAPER,UK,DRP,0
DRIEU,Benjamin,Benjamin DRIEU,France,DUB,0
DRINKWATER,Nick,Nick DRINKWATER,USA,DRN,0
DUCAS,Billy,Billy DUCAS,USA,D1W,0
DUENSKIE,Ron,Ron DUENSKIE,USA,DE2,0
DUKE,Randy,Randy DUKE,Canada,7ER,0
DUKE,Steven,Steven DUKE,USA,7E1,0
DUMONT,Patrick,Patrick DUMONT,France,DTP,0
DUNN,Ken,Ken DUNN,USA,DNK,0
DUNN,Derek,Derek DUNN,USA,DND,0
DUPUIS,Jean-Christophe,Jean-Christophe DUPUIS,France,D1J,0
DUPUIS,Dominique,Dominique DUPUIS,France,D1D,0
DUSKIN,Derek,Derek DUSKIN,USA,7N7,0
Aque,Steve,Steve Aque,,AeS1,0
DYE,Chuck,Chuck DYE,USA,DEC,0
EARDLEY,Walter,Walter EARDLEY,USA,EYW,0
EARLE,Adrian,Adrian EARLE,Canada,EEA,0
EARLL,Bryan,Bryan EARLL,USA,ELB,0
EARLS,Bruce,Bruce EARLS,USA,E1B,0
EBURNE,Bob,Bob EBURNE,UK,EEB,0
ECKHART,Steve,Steve ECKHART,USA,ETS,0
ECKHART,Alex,Alex ECKHART,USA,ETA,0
EDWARDS,Trevor,Trevor EDWARDS,UK,EST,0
EDWARDS,Corey,Corey EDWARDS,USA,ESO,0
EDWARDS,Chris,Chris EDWARDS,USA,ESC,0
EICKMANN,Jason,Jason EICKMANN,USA,ENJ,0
EIFRIG,Fritz,Fritz EIFRIG,USA,EGF,0
EINEVIK,Janne,Janne EINEVIK,Sweden,EKJ,0
EISNER,Mike,Mike EISNER,USA,ERM,0
EL-FARRA,Nadir,Nadir EL-FARRA,USA,EAN,0
ELIASSON,Tobias,Tobias ELIASSON,Sweden,ENT,0
ELIOTT,Steve,Steve ELIOTT,USA,4TS,0
ELLETT,Ryan,Ryan ELLETT,USA,ETR,0
ELWELL,Jay,Jay ELWELL,USA,ELJ,0
EMBERTON,Zack,Zack EMBERTON,USA,ENZ,0
EMERSON,Colin,Colin EMERSON,Canada,ENC,0
EMIG,Ken,Ken EMIG,USA,EGK,0
ERSKINE,Mike,Mike ERSKINE,Canada,EEM,0
ESCOBEDO,André,André ESCOBEDO,Canada,EOA,0
ESCUYER,Franck,Franck ESCUYER,France,ERF,0
ESPANO,Ivan,Ivan ESPANO,Spain,EOI,0
ESPARZA,Robert,Robert ESPARZA,USA,EAR,0
ESSEX,Michael,Michael ESSEX,UK,EXM,0
ESTEBAN,vicente,vicente ESTEBAN,Spain,ENV,0
ETTLEMAN,Shawn,Shawn ETTLEMAN,USA,ENS,0
ETZELMUELLER,Steve,Steve ETZELMUELLER,USA,ERS,0
EURY,Bob,Bob EURY,USA,EYR,0
EVANS,Mark,Mark EVANS,USA,ES2,0
EVANS,Matt,Matt EVANS,USA,81M,0
EVANS,Gareth,Gareth EVANS,UK,ESG,0
EVENSON,Allen,Allen EVENSON,USA,ENA,0
EVES,Jackie,Jackie EVES,UK,ESJ,0
EVICH,Jeff,Jeff EVICH,USA,ECJ,0
EWERS,Fredrik,Fredrik EWERS,Sweden,ESF,0
FABBRO,Rob,Rob FABBRO,Canada,FOR,0
FABRE,Guillaume,Guillaume FABRE,France,FEG,0
FAGO,Carl,Carl FAGO,USA,FOC,0
FAIREN,Jordi,Jordi FAIREN,Spain,FNJ,0
FAJARIT,Ronald,Ronald FAJARIT,USA,FTR,0
FALK,Melvin,Melvin FALK,Sweden,FKM,0
FANCHER,Seth,Seth FANCHER,USA,FRE,0
FANTOZZI,Andrea,Andrea FANTOZZI,Italy,FIA,0
FARDETTE,Jim,Jim FARDETTE,Germany,FEJ,0
FARLAY,Frederic,Frederic FARLAY,France,FYF,0
FARRELL,Chris,Chris FARRELL,USA,FLC,0
FARRIS,John,John FARRIS,USA,FS1,0
FAULK,Scott,Scott FAULK,USA,FKS,0
FAULKNER,Michael,Michael FAULKNER,usa,FRM,0
FAYE-WEVLE,Max,Max FAYE-WEVLE,Sweden,FEM,0
FEHRENBACHER,Steve,Steve FEHRENBACHER,USA,F33,0
FEINSTEIN,Robert,Robert FEINSTEIN,USA,FNR,0
FERGUSON,Eric,Eric FERGUSON,Australia,FN1,0
FERNANDEZ,German,German FERNANDEZ,Spain,FZG,0
FERNANDEZ,Marco,Marco FERNANDEZ,Spain,FZM,0
FERNANDEZ,Oscar,Oscar FERNANDEZ,Germany,FZO,0
FERNANDEZ,Carlos,Carlos FERNANDEZ,Spain,FZC,0
FERRANDIS,Pedro J.,Pedro J. FERRANDIS,Spain,FSP,0
FERRARI,Ralph,Ralph FERRARI,USA,FIR,0
FERRARI,Nando,Nando FERRARI,Italy,FIN,0
FERRARO,Laurent,Laurent FERRARO,France,FOL,0
FERRARO,Paul,Paul FERRARO,USA,FOP,0
FERREIRA,Paulo,Paulo FERREIRA,Portugal,FAP,0
FERREIRA,Joao,Joao FERREIRA,Portugal,FAJ,0
FERRELL,Jim,Jim FERRELL,USA,FLJ,0
FERRY,Raphaël,Raphaël FERRY,France,FY3,0
FIEDLER,Stefan,Stefan FIEDLER,Sweden,FRS,0
FISCHBEIN,scott,scott FISCHBEIN,USA,FNS,0
FISCHER,Lyle,Lyle FISCHER,USA,FRL,0
FISCHER,Mark,Mark FISCHER,USA,F36,0
FISCHER,Klaus,Klaus FISCHER,Germany,FRK,0
FISCHER MADSEN,Morten,Morten FISCHER MADSEN,Denmark,FNM,0
FISHER,Karl,Karl FISHER,USA,F3K,0
FITCH,Doug,Doug FITCH,USA,FHD,0
FITO HERNANDEZ,Juan Diego,Juan Diego FITO HERNANDEZ,Spain,FO4,0
FLAHERTY,Larry,Larry FLAHERTY,USA,FYL,0
FLAHERTY,Martin,Martin FLAHERTY,USA,FYM,0
FLANAGAN,Anthony,Anthony FLANAGAN,USA,FNN,0
FLEMING,Will,Will FLEMING,USA,FGW,0
FLEURY,Christopher,Christopher FLEURY,USA,FYC,0
FLICKER,Steve,Steve FLICKER,USA,FRT,0
FOCHT,Michael,Michael FOCHT,USA,FTM,0
FORD,Brent,Brent FORD,USA,FDB,0
FOREST,Laurent,Laurent FOREST,France,FTL,0
FORG,Bill,Bill FORG,USA,FGB,0
FORG,Will,Will FORG,USA,FG9,0
FORS,David (was NYGREN),David (was NYGREN) FORS,Sweden,NND,0
FORTENBERRY,Gary,Gary FORTENBERRY,USA,FYG,0
FORTIN,Jean-François,Jean-François FORTIN,Canada,F24,0
FOSS,Scott,Scott FOSS,USA,FSS,0
FOX,Burnie,Burnie FOX,USA,FXB,0
FOX,Robert,Robert FOX,USA,FXR,0
FRANCO,Juan,Juan FRANCO,USA,7OJ,0
FRANKLIN-BIHARY,Paul,Paul FRANKLIN-BIHARY,USA,FNP,0
FRANSON,Jeff,Jeff FRANSON,USA,F20,0
FRANSSON,Jan,Jan FRANSSON,Sweden,F2J,0
FRASER,Earl,Earl FRASER,USA,F3E,0
FREEDMAN,Alan,Alan FREEDMAN,USA,F2A,0
FRESNAIS,Jean-Christophe,Jean-Christophe FRESNAIS,France,FSJ,0
FRETTLOHR,Herman,Herman FRETTLOHR,usa,FRH,0
FRISS NIELSEN,Carl Alex,Carl Alex FRISS NIELSEN,Denmark,FNC,0
FRITZ,Ed Jr.,Ed Jr. FRITZ,USA,FZJ,0
FRITZ,Ed,Ed FRITZ,USA,FZE,0
FRUM,Steven,Steven FRUM,USA,FMS,0
FRöDING,Johan,Johan FRöDING,Sweden,FGJ,0
FULCHER,Rich,Rich FULCHER,USA,FRR,0
FURNELL,Mark,Mark FURNELL,UK,FLM,0
GAGNE,Patrick,Patrick GAGNE,Canada,GEP,0
GAINS,James,James GAINS,USA,GSJ,0
GALAN,David,David GALAN,Spain,GNA,0
GALANDIUK,Mike,Mike GALANDIUK,USA,GKM,0
GALICA,Anthony,Anthony GALICA,USA,GAL,0
GALLANT,Gerry,Gerry GALLANT,Canada,GTG,0
GALLANT,Emery,Emery GALLANT,USA,G4E,0
GALLO,Martin,Martin GALLO,USA,GO6,0
Sedlacko,Michal,Michal Sedlacko,,SoM1,0
GANNAWAY,Mike,Mike GANNAWAY,Australia,GYM,0
GARCIA,Carlos J.,Carlos J. GARCIA,Spain,GAC,0
GARCIA,Alejandro,Alejandro GARCIA,Spain,3AA,0
GARCIA SILVA,Pablo,Pablo GARCIA SILVA,Chile,GAP,0
GARDINER,Ivor,Ivor GARDINER,South Africa,GRI,0
GARDING,Bud,Bud GARDING,USA,GGB,0
GARLIC,John,John GARLIC,USA,GCJ,0
GARLINGTON,Randy,Randy GARLINGTON,USA,G2R,0
GARRETT,Chris,Chris GARRETT,USA,GTC,0
GARVEY,Steve,Steve GARVEY,USA,GYS,0
GARVIN,David,David GARVIN,Canada,G2D,0
GAUEMAN,Ian,Ian GAUEMAN,UK,G2I,0
GAUGHAN,Ian,Ian GAUGHAN,UK,G3I,0
GEISSLER,Gordon,Gordon GEISSLER,USA,G3G,0
GENBERG,Marc,Marc GENBERG,USA,GGM,0
GEORGE,Greg,Greg GEORGE,USA,GEG,0
GERAGHTY,Sean,Sean GERAGHTY,USA,GY1,0
GERSTENBERG,Eric,Eric GERSTENBERG,UK,GGE,0
GESER,Conny,Conny GESER,Sweden,GRC,0
GIANCOLA,Oliver,Oliver GIANCOLA,USA,GAO,0
GIARONI,Edoardo,Edoardo GIARONI,Italy,GIE,0
GIBSON,Tony,Tony GIBSON,UK,GNT,0
GIESE,Henrik,Henrik GIESE,Sweden,GEH,0
GIFFORD,Russ,Russ GIFFORD,USA,GDR,0
GILBERT,Josh,Josh GILBERT,Canada,GTJ,0
GILBERT,Del,Del GILBERT,USA,GTD,0
GILCHRIST,Mike,Mike GILCHRIST,USA,GTM,0
GILLIES,David,David GILLIES,USA,G1D,0
GILLIS,Tom,Tom GILLIS,USA,GST,0
GILLIS,Robert,Robert GILLIS,USA,GSR,0
GINNARD,Dave,Dave GINNARD,USA,GDD,0
GINNARD,Paul,Paul GINNARD,USA,GDP,0
GIOMBINI,Stefano,Stefano GIOMBINI,Italy,GIS,0
GIVLER,Eric,Eric GIVLER,USA,GRE,0
GLESING,Randy,Randy GLESING,USA,GGA,0
GOCHINSKI,Joseph,Joseph GOCHINSKI,USA,GIO,0
GODEL,Bernhard,Bernhard GODEL,Germany,GLB,0
GOETZMANN,Arnaud,Arnaud GOETZMANN,France,G2A,0
GOHEEN,Rick,Rick GOHEEN,USA,GN2,0
GOLDGORIN,Mario,Mario GOLDGORIN,USA,G26,0
GOLDMAN,David,David GOLDMAN,USA,GNI,0
GOLLING,Franck,Franck GOLLING,France,GGF,0
González,Eduard,Eduard González,Spain,GZE,0
González ROMERO,Ángel,Ángel González ROMERO,Spain,GZA,0
GORJANC,Kurt,Kurt GORJANC,Austria,GCK,0
GOTERI,Massimo,Massimo GOTERI,Italy,GIM,0
GOTTCHEINER,Alain,Alain GOTTCHEINER,Belgium,GRA,0
GOUGH,Russell,Russell GOUGH,UK,GHR,0
GOUR,Darren,Darren GOUR,USA,GRD,0
GOUREAU,Camille,Camille GOUREAU,France,GUC,0
GRACIET,Stéphane,Stéphane GRACIET,France,GTS,0
GRAHAM,Bob,Bob GRAHAM,USA,GMR,0
GRAHAM,Voss,Voss GRAHAM,USA,GMV,0
GRANATA,Enrico,Enrico GRANATA,Italy,GAE,0
GRANDCLéMENT,Philippe,Philippe GRANDCLéMENT,France,GTP,0
GRANVILLE,Tycho,Tycho GRANVILLE,USA,GET,0
GRAVES,Kevin,Kevin GRAVES,USA,GSK,0
GRAY,Terry,Terry GRAY,USA,GYT,0
GRAY,Oliver,Oliver GRAY,UK,GYO,0
GREEN,Matt,Matt GREEN,USA,G2M,0
GREGORSON,Lars-Robert,Lars-Robert GREGORSON,Sweden,GNL,0
GREGORSON,Lars Robert,Lars Robert GREGORSON,Sweden,SDL,0
GRENON,Dave,Dave GRENON,USA,G27,0
GRIES,Doug,Doug GRIES,USA,GSD,0
GRIFFA,Alberto,Alberto GRIFFA,USA,5AA,0
GRIFFITHS,Kendall,Kendall GRIFFITHS,USA,G1K,0
GROSSHOLDERMANN,Rudi,Rudi GROSSHOLDERMANN,Germany,GNR,0
GUASTALEGNAME,Gabriele,Gabriele GUASTALEGNAME,Italy,G8G,0
GUERIN,Kevin,Kevin GUERIN,USA,GNK,0
GUERRERO,Miguel,Miguel GUERRERO,Spain,GOM,0
GUETTIER,Renaud,Renaud GUETTIER,France,GRR,0
GUILLEMONT,Frédéric,Frédéric GUILLEMONT,France,GTF,0
GUILLOU-KEREDAN,Bertrand,Bertrand GUILLOU-KEREDAN,France,GNB,0
GUINARD,Cyril,Cyril GUINARD,France,GDC,0
GUSTAFSSON,Olle,Olle GUSTAFSSON,Sweden,GNO,0
GUSTAFSSON,Johannes,Johannes GUSTAFSSON,Sweden,GNJ,0
GYNNESTAM,Patrik,Patrik GYNNESTAM,Sweden,GMP,0
GöRRES,Guido,Guido GöRRES,Germany,GOS,0
HAAS,Mat,Mat HAAS,UK,HSM,0
HAAS,John E.,John E. HAAS,usa,HSJ,0
HAASL,david,david HAASL,USA,HLD,0
HACHIN,Gaëtan,Gaëtan HACHIN,France,HMG,0
HACK,Ed,Ed HACK,USA,HKE,0
HADADY,Wayne,Wayne HADADY,usa,HYW,0
HADDEN,Rick,Rick HADDEN,USA,H2R,0
HAGER,Bob,Bob HAGER,USA,HRR,0
HAGGERTY,Frank,Frank HAGGERTY,USA,HYF,0
HAILEY,David,David HAILEY,USA,HY1,0
HAKIM,Gilles,Gilles HAKIM,France,HMI,0
HALEY,Rick,Rick HALEY,USA,HYR,0
HALEY,Alan,Alan HALEY,USA,HY3,0
HALL,Russ,Russ HALL,USA,HLR,0
HALL,Dave,Dave HALL,Canada,HL7,0
HALLGREN,Fredrik,Fredrik HALLGREN,Sweden,HNE,0
HALSøR,Marius,Marius HALSøR,Norway,HRS,0
HALVORSEN,Bjørn,Bjørn HALVORSEN,Norway,HNO,0
HAMILTON,Charlie,Charlie HAMILTON,USA,HNL,0
Dedier,Steve,Steve Dedier,,DrS1,0
HAMMOND,Charles,Charles HAMMOND,USA,H7C,0
HAMMOND,Robert,Robert HAMMOND,USA,HD3,0
HAMMOND,Mike,Mike HAMMOND,USA,HDI,0
Nicholas,Dave,Dave Nicholas,,NsD1,0
HAMPEL,Ken,Ken HAMPEL,USA,HLK,0
HAMPSON,Brad,Brad HAMPSON,USA,H2B,0
HANCOCK,Don,Don HANCOCK,USA,HKD,0
HANNA,Marc,Marc HANNA,USA,HA6,0
HANNON,Frédéric,Frédéric HANNON,France,HNF,0
HANSEN,David,David HANSEN,USA,HND,0
HANSEN,Ray,Ray HANSEN,USA,H23,0
HANSON,William,William HANSON,Denmark,HNW,0
HANSSON,Frederik,Frederik HANSSON,Sweden,H2F,0
HARDIE,H,H HARDIE,USA,HE,0
HARDIMAN,Francis,Francis HARDIMAN,USA,02F,0
HARDWAY,Robert,Robert HARDWAY,USA,H5R,0
HARE,Cliff,Cliff HARE,USA,H80,0
HARJO,Thomas,Thomas HARJO,Norway,HOT,0
HARMON,Steve,Steve HARMON,USA,H2S,0
HARMS,Jay,Jay HARMS,USA,HS1,0
HARMS,Mark,Mark HARMS,USA,116,0
HARPER,Sam,Sam HARPER,Canada,HR1,0
HARPER,Tom,Tom HARPER,USA,HRT,0
HARRIS,Nelson,Nelson HARRIS,USA,HSN,0
HARRIS,Rock,Rock HARRIS,USA,H13,0
HARRISSON,Chris,Chris HARRISSON,Norway,HN6,0
HART,Paul,Paul HART,USA,HTP,0
HARVIALA,Mika,Mika HARVIALA,USA,HAM,0
HASELER,Paul,Paul HASELER,Australia,HRP,0
HASSLER,David,David HASSLER,USA,HRD,0
HASSON,Scott,Scott HASSON,USA,621,0
HASTRUP-LETH,Michael,Michael HASTRUP-LETH,Denmark,HHM,0
HATFIELD,Malcolm,Malcolm HATFIELD,UK,HDM,0
HAUGEN,Dave,Dave HAUGEN,USA,H27,0
HAUGHEY,John,John HAUGHEY,USA,H5J,0
HAYES,Robert,Robert HAYES,USA,HSR,0
HAYWARD,Bill,Bill HAYWARD,USA,HDB,0
HEDBERG,Björn,Björn HEDBERG,Sweden,HGB,0
HEDIN,Ronny,Ronny HEDIN,Sweden,HNR,0
HEGDAHL,Burnie,Burnie HEGDAHL,USA,HL1,0
HEIE,Olav,Olav HEIE,Norway,HEO,0
HEMMINGSEN,Michael,Michael HEMMINGSEN,Denmark,HNM,0
HENIGE,Keith,Keith HENIGE,USA,HEK,0
HENNION,David,David HENNION,France,H2D,0
HENZE,Sam,Sam HENZE,USA,HZS,0
HERBELLEAU,Joël,Joël HERBELLEAU,France,HUJ,0
HERDE,Christian,Christian HERDE,Germany,HEC,0
HERSHEY,Michael D.,Michael D. HERSHEY,USA,HY2,0
HERSHEY,Andy,Andy HERSHEY,USA,HYA,0
HESSLER,Harold,Harold HESSLER,USA,HRH,0
HESSLUND,Jonas,Jonas HESSLUND,Sweden,HDJ,0
HICKS,Martin,Martin HICKS,Canada,H16,0
HICKS,Steve,Steve HICKS,USA,HSS,0
HILDEBRAN,Bret,Bret HILDEBRAN,USA,HNB,0
HILDEBRANDT,Alan,Alan HILDEBRANDT,Canada,HTA,0
HILL,keith,keith HILL,USA,HLE,0
HILL,M. Rowland,M. Rowland HILL,USA,HLM,0
HILLEBRAND,Stephan,Stephan HILLEBRAND,USA,HDS,0
HILLHOUSE,Len,Len HILLHOUSE,USA,HEL,0
HINDSBERGER,Magnus,Magnus HINDSBERGER,Denmark,HRM,0
HINZ,Andreas,Andreas HINZ,Norway,HZA,0
HIVELY,Todd,Todd HIVELY,USA,HYT,0
HJELME,Morten,Morten HJELME,Norway,HEM,0
HJORTSKOV,Keld,Keld HJORTSKOV,Denmark,HVK,0
HO,Lawrence,Lawrence HO,China,HOL,0
HODGMAN,Sean,Sean HODGMAN,Australia,H21,0
HODOT,Fabien,Fabien HODOT,France,HTF,0
HOFLAND,Peter,Peter HOFLAND,Netherlands,HDP,0
HOFLAND,Chris,Chris HOFLAND,Netherlands,HDC,0
HOLLAND,Don,Don HOLLAND,USA,HDD,0
HOLMBERG,Gene,Gene HOLMBERG,USA,HGG,0
HOLMES,CR,CR HOLMES,Canada,H1C,0
HOLMSTROM,Bob,Bob HOLMSTROM,USA,HMB,0
HOLMSTROM,Dale,Dale HOLMSTROM,USA,HMD,0
HOLST,Scott,Scott HOLST,USA,HTS,0
HOLT,Jim,Jim HOLT,USA,HTJ,0
HOLUB,Michael,Michael HOLUB,USA,HBM,0
HOMMET,Fabrice,Fabrice HOMMET,France,H4F,0
HOOPER,Brian,Brian HOOPER,UK,HRB,0
HOPLEY,Russell,Russell HOPLEY,USA,H53,0
HOPPER,Christopher,Christopher HOPPER,Sweden,HRC,0
HORNBECK,Paul,Paul HORNBECK,USA,HKP,0
HORNISH,Craig,Craig HORNISH,USA,HHC,0
HOSKINS,Seamus,Seamus HOSKINS,USA,H11,0
HOULISTON,Craig,Craig HOULISTON,USA,HNI,0
HOUMøLLER,Martin,Martin HOUMøLLER,Denmark,HRA,0
HOUSEMAN,Glenn,Glenn HOUSEMAN,USA,HNG,0
HOUSEMAN,D.S.,D.S. HOUSEMAN,USA,HN,0
HOUSEMAN,Scott,Scott HOUSEMAN,USA,HN1,0
HOWARD,Andy,Andy HOWARD,USA,HDA,0
HOWARD,peter,peter HOWARD,Australia,H7P,0
HOWARTH,Dave,Dave HOWARTH,Canada,HHD,0
HOWELL,Bernie,Bernie HOWELL,USA,HLB,0
HOWELL,Clinton,Clinton HOWELL,USA,HLC,0
HUBBARD,Greg,Greg HUBBARD,USA,HDR,0
HUBLEY,Martin,Martin HUBLEY,UK,HYM,0
HUET,Stéphane,Stéphane HUET,France,HT1,0
HUGUET,David,David HUGUET,Spain,HTD,0
HUMMEL,Sebastian,Sebastian HUMMEL,Germany,HLS,0
HUMPHRIES,Mark,Mark HUMPHRIES,Philippines,H1M,0
HUNDSDORFER,Tim,Tim HUNDSDORFER,USA,H3T,0
HUNT,Steve,Steve HUNT,UK,H41,0
HUNTER,Brad,Brad HUNTER,Canada,H3B,0
HUNTER,Jim,Jim HUNTER,USA,H2J,0
HUTCHENS,Ken,Ken HUTCHENS,USA,HSK,0
HUTTON,Tony,Tony HUTTON,USA,HNT,0
HYDE,Lee,Lee HYDE,UK,H8L,0
HYLER,John,John HYLER,USA,HRJ,0
HYVäRINEN,Patrik,Patrik HYVäRINEN,Sweden,HNP,0
HYYRYNEN,Veikko,Veikko HYYRYNEN,Finland,HNV,0
HØGENHAUG,Ketil,Ketil HØGENHAUG,Norway,HGK,0
IRELAND,Patrick,Patrick IRELAND,USA,IDP,0
ISAKSSON,Håkan,Håkan ISAKSSON,Sweden,INH,0
ISELLA,Stefano,Stefano ISELLA,Italy,IAS,0
ISENSEE,Larry,Larry ISENSEE,USA,IEL,0
ITAL,Jeff,Jeff ITAL,USA,ILJ,0
IVES,Steve,Steve IVES,USA,ISS,0
IZZO,Mike,Mike IZZO,USA,IOM,0
JACKSON,Stan,Stan JACKSON,USA,JNS,0
JACKSON,Tom,Tom JACKSON,UK,JKN,0
JACKSON,Joe,Joe JACKSON,USA,JN3,0
JACOBI,Stefan,Stefan JACOBI,UK,JIS,0
JACOBSEN,Kåre,Kåre JACOBSEN,Denmark,42K,0
JACOBSON,Trent,Trent JACOBSON,USA,JN4,0
JAEKEL,Richard,Richard JAEKEL,USA,JLR,0
JANEZIK,Dan,Dan JANEZIK,USA,JKD,0
JANOD,Nicolas,Nicolas JANOD,France,JDN,0
JANSSEN,Philipp,Philipp JANSSEN,Germany,J22,0
JASSAUD,Laurent,Laurent JASSAUD,France,JDL,0
JATHAN,Philippe,Philippe JATHAN,France,JNP,0
JAUD,Jean-Christophe,Jean-Christophe JAUD,France,JDJ,0
JAZBUTIS,Tom,Tom JAZBUTIS,USA,JSO,0
JEFFREY,Peter,Peter JEFFREY,Australia,JYP,0
JENNINGS,Lee,Lee JENNINGS,USA,JSL,0
JENNINGS,Bill,Bill JENNINGS,USA,J1W,0
JENNINGS,Ray,Ray JENNINGS,UK,JSR,0
JENSEN,Rasmus Høyrup,Rasmus Høyrup JENSEN,Denmark,JNR,0
JENSEN,Lars-Peder,Lars-Peder JENSEN,Denmark,4NL,0
JENULIS,Rich Joseph,Rich Joseph JENULIS,USA,JSI,0
JESCHKE,Colin,Colin JESCHKE,Canada,JEC,0
JEUNE,Stéphane,Stéphane JEUNE,France,JES,0
JINX,Dale,Dale JINX,USA,JXD,0
JOHANSSON,Magnus,Magnus JOHANSSON,Sweden,JNM,0
JOHANSSON,Rasmus,Rasmus JOHANSSON,Sweden,JNA,0
JOHN,Farris,Farris JOHN,USA,JN1,0
JOHNS,John Jr.,John Jr. JOHNS,USA,JJJ,0
JOHNS,Steve (Stephen),Steve (Stephen) JOHNS,USA,JSS,0
JOHNSON,Dave,Dave JOHNSON,USA,JND,0
JOHNSON,Eric,Eric JOHNSON,usa,JNE,0
JOHNSON,James,James JOHNSON,usa,JN0,0
JOHNSON,John,John JOHNSON,UK,JNJ,0
JOHNSON,Johnny,Johnny JOHNSON,USA,J2J,0
JOHNSON,Bob Kedge,Bob Kedge JOHNSON,USA,JNB,0
JOHNSON,Karl,Karl JOHNSON,USA,J2K,0
JOHNSON,Phillip,Phillip JOHNSON,USA,J2P,0
JOHNSTON,Mike,Mike JOHNSTON,USA,J2M,0
JONES,Paul,Paul JONES,UK,J1P,0
JONES,Phillip,Phillip JONES,UK,JSP,0
JONES,Keith,Keith JONES,USA,JSK,0
JONES,Todd,Todd JONES,USA,JST,0
JOYNER,Ken,Ken JOYNER,USA,JRK,0
JSU,Jsu (sleath),Jsu (sleath) JSU,Canada,XX1,0
JUPP,Gordon,Gordon JUPP,UK,JPG,0
JYVÄSJÄRVI,Sauli,Sauli JYVÄSJÄRVI,Finland,JI1,0
JøRGENSEN,Torben,Torben JøRGENSEN,Denmark,JNT,0
KALMAN,Josh,Josh KALMAN,Israel,KNJ,0
KALMAN,David,David KALMAN,Israel,KND,0
KALMAN,Daniel,Daniel KALMAN,Israel,KNL,0
KALUCZA,Sebastian,Sebastian KALUCZA,Sweden,KAS,0
KANGASMAA,Tommi,Tommi KANGASMAA,Finland,KAT,0
KAPP,David,David KAPP,USA,KPD,0
KARPOWICZ,Buck,Buck KARPOWICZ,USA,KZB,0
KASTER,Paul,Paul KASTER,USA,KRP,0
KAVANAGH,Chris,Chris KAVANAGH,USA,KHC,0
KAY,Jonathan,Jonathan KAY,Canada,K54,0
KEARNEY,Tom,Tom KEARNEY,USA,KY4,0
KEDDELL,Jackson,Jackson KEDDELL,New Zealand,KLJ,0
KEHRER,Jordan,Jordan KEHRER,USA,K3J,0
KELLN,George,George KELLN,Canada,K2G,0
KELLY,Wayne,Wayne KELLY,UK,KYW,0
KELLY,tim,tim KELLY,USA,KYT,0
KEMP,Ed,Ed KEMP,USA,KPE,0
KENNEALLY,Kevin,Kevin KENNEALLY,USA,KYK,0
KENNY,Jonathan,Jonathan KENNY,Canada,K5J,0
KENT,Ryan,Ryan KENT,USA,K4R,0
KENT,Ivan,Ivan KENT,Australia,KTI,0
KETTING,Morten,Morten KETTING,Denmark,KGM,0
KETTLEWELL,Paul,Paul KETTLEWELL,UK,KLP,0
KEY,Alex,Alex KEY,USA,KYA,0
KEY,Justin,Justin KEY,UK,KYJ,0
KIBLER,Charly,Charly KIBLER,USA,K3C,0
KILLEEN,Kevin,Kevin KILLEEN,USA,KN1,0
KING,Stewart,Stewart KING,USA,KGS,0
KING,Richard,Richard KING,USA,KGR,0
KING,Allen,Allen KING,USA,KGA,0
KING,Daniel,Daniel KING,UK,KGD,0
KINNEY,Rodney,Rodney KINNEY,USA,KY3,0
KIPPEN,Scott,Scott KIPPEN,USA,KNS,0
KIRBY,Doug,Doug KIRBY,USA,KYD,0
KIRK,Doug,Doug KIRK,USA,KKD,0
KIRKALDY,Bruce,Bruce KIRKALDY,USA,KYB,0
KIRKPATRICK,Al,Al KIRKPATRICK,usa,KKA,0
KIUKKONEN,Olli-Pekka,Olli-Pekka KIUKKONEN,Finland,KNO,0
KLAUSMEYER,Kevin,Kevin KLAUSMEYER,USA,K3K,0
KLAUTKY,Mike,Mike KLAUTKY,USA,KYM,0
KLEEPACZYK,Tim,Tim KLEEPACZYK,USA,KKT,0
KLYSNER,Lars,Lars KLYSNER,Denmark,KRL,0
KNAUTH,Ernst,Ernst KNAUTH,Germany,KHE,0
KNIGHT,Randy,Randy KNIGHT,USA,KTN,0
KNIPPEL,Steffen,Steffen KNIPPEL,Canada,KLS,0
KNOLL,Brad,Brad KNOLL,Canada,KL3,0
KNOTT,Ken,Ken KNOTT,USA,KTK,0
KNOWLES,John Charles,John Charles KNOWLES,Taiwan,K1J,0
KNOWLES,John,John KNOWLES,USA,KSJ,0
KNUDSEN,Kenneth,Kenneth KNUDSEN,Denmark,KNK,0
KNUTH,John,John KNUTH,USA,KTJ,0
KOBA,Thomas,Thomas KOBA,Faroe Islands,64A,0
KOCH,Michael,Michael KOCH,Germany,KHM,0
KOENE,Allard,Allard KOENE,Netherlands,KEA,0
KOESTLER,Alex,Alex KOESTLER,Netherlands,KRA,0
KOLENSKI,Mark,Mark KOLENSKI,USA,KIM,0
KOPPMEYER,Lars,Lars KOPPMEYER,Germany,K3L,0
KOTILAINEN,Peter,Peter KOTILAINEN,Sweden,KNP,0
KOTTIS,Gus,Gus KOTTIS,USA,KSG,0
KOUBA,Jeff,Jeff KOUBA,USA,KAJ,0
KOVACS,Darren,Darren KOVACS,Canada,KSD,0
KRAFT,Armin,Armin KRAFT,Germany,KTA,0
KRAATZ,Mark,Mark KRAATZ,Canada,KZM,0
KRISHFIELD,David,David KRISHFIELD,USA,KDD,0
KRISTENSEN,Martin,Martin KRISTENSEN,Denmark,KNM,0
KROCKOVER,Gary,Gary KROCKOVER,USA,KRG,0
KROPF,Bryan,Bryan KROPF,USA,KFB,0
KRUUSMAGÏ,Linus,Linus KRUUSMAGÏ,Sweden,KIL,0
KUBICK,Chris,Chris KUBICK,USA,KKC,0
KUCHARSKI,Tomasz,Tomasz KUCHARSKI,Poland,KIT,0
KUMMETH,Bob,Bob KUMMETH,USA,KHR,0
KURTZ,Kurt,Kurt KURTZ,USA,KZK,0
KWAN,Jackson,Jackson KWAN,Hong Kong,K2J,0
KWONG,Ted,Ted KWONG,China,KGT,0
KYLE,Ron,Ron KYLE,USA,KE1,0
KYLE,Steve,Steve KYLE,USA,KES,0
Kärnä,Timo,Timo Kärnä,Finland,KA4,0
L ARCHEVèQUE,Bruno,Bruno L ARCHEVèQUE,Canada,LEB,0
LA PLANTE,Mike,Mike LA PLANTE,USA,LEM,0
LA PLANTE,John,John LA PLANTE,USA,LEO,0
LA TERZA,michael,michael LA TERZA,USA,LA6,0
LAAKSO,Mattias,Mattias LAAKSO,Sweden,LOM,0
LABBE,Corentin,Corentin LABBE,France,LEC,0
LADD,Joseph,Joseph LADD,USA,LDJ,0
LADWEIN,Peter,Peter LADWEIN,Germany,LNP,0
LAGU,Indy,Indy LAGU,Canada,LUI,0
LAI,Simon,Simon LAI,China,LIS,0
LAIMER,Eric,Eric LAIMER,Canada,L3E,0
LAMB,Dave,Dave LAMB,USA,LBD,0
LAMER,Alain,Alain LAMER,France,LRA,0
LAMPLEY,Chris,Chris LAMPLEY,USA,LYC,0
LAND,Anders,Anders LAND,Sweden,LDA,0
LAND,Mitch,Mitch LAND,USA,LDM,0
LANDRETH,Steve,Steve LANDRETH,USA,LHS,0
LANEY,Mike,Mike LANEY,USA,L5M,0
LANGER,David,David LANGER,USA,L3D,0
LANTOINE,Stéphane,Stéphane LANTOINE,France,LES,0
LANTZ,Johan,Johan LANTZ,Sweden,LZJ,0
LARIGAUDERIE,Guilhem,Guilhem LARIGAUDERIE,France,LIG,0
LARSEN,Niels,Niels LARSEN,Denmark,LNN,0
LARSSON,Andreas,Andreas LARSSON,Sweden,LND,0
LASNIER,Jean,Jean LASNIER,France,LRJ,0
LATUSSEK,Jan,Jan LATUSSEK,Germany,LKJ,0
LAU,Erwin,Erwin LAU,China,LUE,0
LAUGER,Paul,Paul LAUGER,USA,LRP,0
LAWS,Mike,Mike LAWS,USA,L1M,0
LE BILLAN,Laurent,Laurent LE BILLAN,France,LNL,0
LE FLOHIC,Nicolas,Nicolas LE FLOHIC,France,LCN,0
LEACH,Doug,Doug LEACH,USA,LH7,0
LEANDER,Erik,Erik LEANDER,Sweden,LRE,0
LEBENHAGEN,Arno,Arno LEBENHAGEN,Canada,L2A,0
LEE,Jamie,Jamie LEE,Singapore,L8J,0
LEGG,Paul,Paul LEGG,UK,LGP,0
LEHMAN,John,John LEHMAN,USA,LNJ,0
LEHNER,Gary,Gary LEHNER,Canada,LRG,0
LEJA,Marcus,Marcus LEJA,Canada,LAM,0
LEMAY,Serge,Serge LEMAY,Canada,LYS,0
LENAIN,Gérard,Gérard LENAIN,France,LNG,0
LENOIR,Philippe,Philippe LENOIR,France,L3P,0
LENTING,Bart,Bart LENTING,Netherlands,LGB,0
LEOCE,Joe,Joe LEOCE,USA,LEE,0
LEONG,David,David LEONG,Singapore,LGD,0
LEPORE,Dan,Dan LEPORE,Canada,L8D,0
LESSLY,Gregg,Gregg LESSLY,USA,LYG,0
LEUNG,Anthony,Anthony LEUNG,China,LGA,0
LEVINSKY,Peder,Peder LEVINSKY,Norway,LYK,0
LEVREAULT,Ron,Ron LEVREAULT,Canada,LTR,0
LEVY,Patrick,Patrick LEVY,France,LYP,0
LEVY,Matthew,Matthew LEVY,USA,LYM,0
LI,Zunwen Kyle,Zunwen Kyle LI,China,LIZ,0
LIBENS,Michael,Michael LIBENS,USA,LSM,0
LIESEMEYER,Brandon,Brandon LIESEMEYER,USA,LRB,0
LIEWENDAHL,Christopher,Christopher LIEWENDAHL,Sweden,LLC,0
LINDBLAD,Erik,Erik LINDBLAD,Canada,L7E,0
LINTON,Steve,Steve LINTON,Australia,LNS,0
LINXWEILER,Rob,Rob LINXWEILER,USA,LRR,0
LIVINGSTONE,Russel,Russel LIVINGSTONE,Australia,LE3,0
LJODAL,Tron,Tron LJODAL,Norway,LLT,0
LOFTHOUSE,Derek,Derek LOFTHOUSE,Canada,L87,0
LOIGNON,Kevin,Kevin LOIGNON,USA,LNK,0
LOISELLE,Allen,Allen LOISELLE,USA,LEA,0
LOMBARDI,Marco,Marco LOMBARDI,Italy,LIM,0
LONG,Jay,Jay LONG,USA,LGJ,0
LONG,Mr.,Mr. LONG,USA,LGM,0
LONGSTREET,David,David LONGSTREET,USA,LTD,0
LONGWORTH,David,David LONGWORTH,AUSTRALIA,LHD,0
LOPER,Robert,Robert LOPER,USA,L33,0
LOPEZ,Raul,Raul LOPEZ,Spain,LZ3,0
LOPEZ,Richard,Richard LOPEZ,USA,LZR,0
LOPEZ,Santiago,Santiago LOPEZ,Spain,LZS,0
LOPEZ BARO,Pedro,Pedro LOPEZ BARO,Spain,LZP,0
LORENTE,Eloi,Eloi LORENTE,Spain,LE2,0
LORENTE,Txema,Txema LORENTE,Spain,LE1,0
LORENZEN,Björn,Björn LORENZEN,Germany,L2B,0
LOUBAT,Luc,Luc LOUBAT,France,LTL,0
LOVRIEN,Clark,Clark LOVRIEN,USA,L2C,0
LU,Akira,Akira LU,China,LUA,0
LUCAS,Scott,Scott LUCAS,USA,LSS,0
LUCE,Jeff,Jeff LUCE,USA,L84,0
LUKKARI,Mikko,Mikko LUKKARI,Finland,LII,0
LUKKARI,Teemu,Teemu LUKKARI,Finland,LI4,0
LUKKARI,Tuomo,Tuomo LUKKARI,Finland,LIT,0
LUKKARINEN,Sami,Sami LUKKARINEN,Sweden,LNA,0
LUKOWICZ,Byron,Byron LUKOWICZ,USA,LZB,0
LUNDGREN,Martin,Martin LUNDGREN,Sweden,LNM,0
LUNDHOLM,Frederik,Frederik LUNDHOLM,Sweden,LMF,0
LUNDY,Darryl,Darryl LUNDY,New Zealand,LYD,0
LUNNEY,Adam,Adam LUNNEY,Australia,LYA,0
LUPACZYK,Gregg,Gregg LUPACZYK,USA,LK5,0
LYNCH,Thomas P.,Thomas P. LYNCH,USA,LHT,0
LYNES,Doug,Doug LYNES,USA,L17,0
LYONS,Doug,Doug LYONS,USA,LSD,0
MACAIRE,Tim,Tim MACAIRE,UK,MET,0
MacDonald,Rob,Rob MacDonald,Canada,MD3,0
MACIEJEWSKI,Jeremy,Jeremy MACIEJEWSKI,USA,6IJ,0
MACPHERSON,Neil,Neil MACPHERSON,Australia,M22,0
MADDOCKS,Adrian,Adrian MADDOCKS,UK,MSA,0
MAFFEI,Jim,Jim MAFFEI,USA,MI1,0
MAGLICA,Robert,Robert MAGLICA,Sweden,MAR,0
MAHER,Damien,Damien MAHER,UK,M3D,0
MAILHAN,Guillaume,Guillaume MAILHAN,France,MNG,0
MAINEZ,Txema,Txema MAINEZ,Spain,MZR,0
MAINEZ,Paco,Paco MAINEZ,Spain,MZF,0
MALLET,Franck,Franck MALLET,France,MTF,0
MALMSTROM,Klas,Klas MALMSTROM,Sweden,MMK,0
MALONEY,Chris,Chris MALONEY,USA,MY2,0
MALY,Andrew,Andrew MALY,USA,M5A,0
MAMO,Jeremie,Jeremie MAMO,France,MOJ,0
MANDISHORA,Elizabeth,Elizabeth MANDISHORA,Zimbabwe,MAE,0
MANFREDI,Jim,Jim MANFREDI,USA,MIJ,0
MANGER,Peter,Peter MANGER,Australia,MRP,0
MANIOS,Louis,Louis MANIOS,USA,MSL,0
MANLIG,Patrik,Patrik MANLIG,Sweden,MGP,0
MANOFF,Phil,Phil MANOFF,usa,MFP,0
MARANGON,Nicola,Nicola MARANGON,Italy,MNI,0
MARCHINO,Andrea,Andrea MARCHINO,Italy,MOA,0
MARCOLUNGO,Luca,Luca MARCOLUNGO,Italy,6OL,0
MARELL,Bjarne,Bjarne MARELL,Denmark,MLB,0
MARESKE,Dave,Dave MARESKE,USA,68D,0
MARIANI,Stéphane,Stéphane MARIANI,France,MIS,0
MARJOREL,Rémi,Rémi MARJOREL,France,MLR,0
MARKHAM,Joe,Joe MARKHAM,USA,MMJ,0
MARKLUND,Häkan,Häkan MARKLUND,Sweden,MDH,0
MAROTE,Pedro,Pedro MAROTE,France,MEP,0
MARQUIS,Martin,Martin MARQUIS,Canada,MSM,0
MARTIN,Scott,Scott MARTIN,USA,M21,0
MARTIN,Jim,Jim MARTIN,USA,MN5,0
MARTIN,Patrick,Patrick MARTIN,USA,M2P,0
MARTIN,Laurent,Laurent MARTIN,France,MNL,0
MARTIN,John,John MARTIN,UK,MNJ,0
MARTIN,Brien,Brien MARTIN,USA,MNB,0
MARTINEZ,Juan José,Juan José MARTINEZ,Spain,MSJ,0
MARTINI,Luca,Luca MARTINI,Italy,MIL,0
MARTUZAS,Brian,Brian MARTUZAS,USA,MSB,0
MASON,Kemp,Kemp MASON,USA,62K,0
MASON,Pierce,Pierce MASON,USA,MN1,0
MASSIGNANI,Alessandro,Alessandro MASSIGNANI,Italy,6IA,0
MASTERS,Robert,Robert MASTERS,USA,MS2,0
MASURA,Michael,Michael MASURA,USA,MA6,0
MATHESON,Dwayne,Dwayne MATHESON,Canada,6ND,0
MAXE,Janusz,Janusz MAXE,Sweden,MEJ,0
MAXWELL,Larry,Larry MAXWELL,USA,MLL,0
MAYERS,Martin,Martin MAYERS,UK,MST,0
MAYNARD,Mark,Mark MAYNARD,USA,MDM,0
MAZZA,Gabriele,Gabriele MAZZA,San Marino,MAG,0
MAZZEI,Chris,Chris MAZZEI,Switzerland,MIC,0
MAZZUCHELLI,Fabio,Fabio MAZZUCHELLI,Italy,MIF,0
MCCANN,Mike,Mike MCCANN,USA,6N6,0
MC GINLEY,Robert,Robert MC GINLEY,Australia,MYR,0
MCCLELLAND,Gordon,Gordon MCCLELLAND,Australia,MDG,0
MCCLOSKEY,Murray,Murray MCCLOSKEY,Australia,6Y6,0
MCDIARMID,John,John MCDIARMID,Canada,MDO,0
Stephans,Dave,Dave Stephans,,SsD1,0
MCDONALD,Ralph,Ralph MCDONALD,USA,MDR,0
MCDOWELL,Miguel,Miguel MCDOWELL,USA,ML6,0
MCGILCHRIST,Mark,Mark MCGILCHRIST,Australia,MTM,0
MCGRATH,Mike,Mike MCGRATH,USA,MHM,0
MCGRATH,Dominic,Dominic MCGRATH,UK,MHD,0
MCGUIRE,Dan,Dan MCGUIRE,USA,6ED,0
MCKENZIE,Shane,Shane MCKENZIE,Canada,M8S,0
MCLEE,Dave,Dave MCLEE,USA,MED,0
MCMAHON,John,John MCMAHON,Canada,M2J,0
MCMASTER,Andy,Andy MCMASTER,UK,MRA,0
MCMUELLEN,Doug,Doug MCMUELLEN,USA,MND,0
MCNEIL,Mark,Mark MCNEIL,Canada,MLM,0
MCNEIL,Steve,Steve MCNEIL,USA,MLS,0
MCWILLIAMS,Walt,Walt MCWILLIAMS,USA,MSW,0
MECKEL,Torsten,Torsten MECKEL,Germany,MLT,0
MEHL,Jim,Jim MEHL,USA,MLJ,0
MEI,Gary,Gary MEI,USA,MIG,0
MEIER,Tom,Tom MEIER,USA,M3T,0
MEIER,Frank,Frank MEIER,Germany,MRF,0
MENDOZA,Miquel,Miquel MENDOZA,Spain,MAM,0
MENGOLI,Paolo,Paolo MENGOLI,Italy,MIU,0
MENON,Guglielmo,Guglielmo MENON,German,M2G,0
MENTL,Florian,Florian MENTL,Germany,MLF,0
MERLI,Marco,Marco MERLI,Italy,MIM,0
MERRITT,John,John MERRITT,USA,MTJ,0
MESSINA,Paul,Paul MESSINA,USA,MAP,0
MEYER,Kevin,Kevin MEYER,USA,MRK,0
MEYER,Chris,Chris MEYER,USA,MRC,0
MICHAUD,Matt,Matt MICHAUD,USA,M7M,0
MICKEVICS,Steve,Steve MICKEVICS,Australia,MCS,0
MIKLOSIK,Steve,Steve MIKLOSIK,USA,MKS,0
MILES,Dale,Dale MILES,USA,6SD,0
MILLER,Bob,Bob MILLER,USA,MRB,0
MILLER,Steven,Steven MILLER,USA,MR5,0
MILLER,Eric,Eric MILLER,USA,MRE,0
MILNE,Chris,Chris MILNE,UK,MEC,0
MIODUSKI,Ken,Ken MIODUSKI,usa,MIK,0
MISSELBROOK,Lee,Lee MISSELBROOK,Canada,MKL,0
MITCHELL,Steve,Steve MITCHELL,USA,ML1,0
MOLINA,Miguel,Miguel MOLINA,Spain,6A6,0
MOLNAR,Ish,Ish MOLNAR,USA,MRI,0
MONEDERO,Ivan,Ivan MONEDERO,Spain,MOI,0
MONTE,Kenn,Kenn MONTE,usa,MEK,0
MOOLENAARS,Roderick,Roderick MOOLENAARS,Netherlands,MSR,0
MOORE,Jim,Jim MOORE,USA,68J,0
MOOREHEAD,Bruce,Bruce MOOREHEAD,USA,67R,0
MORENO,Santi,Santi MORENO,Spain,MOS,0
MORICE,Marc,Marc MORICE,France,MEM,0
MORIESON,Robert,Robert MORIESON,Australia,MNO,0
MORIN,Tom,Tom MORIN,USA,MNT,0
MORO,Joe,Joe MORO,Australia,MO1,0
MORRIS,Ian,Ian MORRIS,UK,MSI,0
MORRIS,Jean,Jean MORRIS,USA,61J,0
MORRIS,Dusty,Dusty MORRIS,USA,M1D,0
MORRIS,Brent,Brent MORRIS,usa,MS1,0
MORRIS,Sean,Sean MORRIS,Sweden,MSE,0
MORTON,Eric,Eric MORTON,USA,M2E,0
MOSHER,Ron,Ron MOSHER,USA,MRR,0
MOSHER,Erika,Erika MOSHER,USA,6RE,0
MOTES,Doyle,Doyle MOTES,USA,MSD,0
MOULTON,Bruce,Bruce MOULTON,USA,MNR,0
MUDGE,Pete,Pete MUDGE,USA,ME3,0
MUELLER,Tom,Tom MUELLER,USA,MRO,0
MUELLER,Russell,Russell MUELLER,USA,MR1,0
MUIR,David,David MUIR,Denmark,M37,0
MULLER,Andrew,Andrew MULLER,USA,63A,0
MULLINS,Kermit,Kermit MULLINS,USA,MSK,0
MULLINS,Scott,Scott MULLINS,USA,M11,0
MUNSCH,Nicolas,Nicolas MUNSCH,France,MHN,0
MURILLO,Lindsay,Lindsay MURILLO,USA,MOL,0
MURPHY,Jack,Jack MURPHY,USA,MYJ,0
MUSSINI,Mario,Mario MUSSINI,Italy,MIA,0
MUTTER,Fabien,Fabien MUTTER,France,63F,0
MYERS,Jeff,Jeff MYERS,USA,M1J,0
MYERS,D.,D. MYERS,USA,MS3,0
MéCHIN,Christophe,Christophe MéCHIN,France,MNC,0
MöRLIN,Jakob,Jakob MöRLIN,Sweden,MNA,0
MøLLER,Uffe,Uffe MøLLER,Denmark,MRU,0
NADALINI,Mario,Mario NADALINI,Italy,NIM,0
NAGEL,Jurgen,Jurgen NAGEL,Netherlands,NLJ,0
NAGY,Svanta,Svanta NAGY,Sweden,NYS,0
NAIL,Jim,Jim NAIL,USA,2LJ,0
NARDIN,Carl,Carl NARDIN,USA,NN1,0
NATTOCHDAD,Magnus,Magnus NATTOCHDAD,Sweden,NGM,0
NAUDOT,Olivier,Olivier NAUDOT,France,NTO,0
NAVARRO,Paco,Paco NAVARRO,Spain,NOF,0
NAVEN,Mike,Mike NAVEN,USA,NNI,0
NEAL,Wes,Wes NEAL,USA,NLW,0
NEARY,James,James NEARY,USA,NYJ,0
NEELY,Grady,Grady NEELY,USA,NYG,0
NEEMAN,Lee,Lee NEEMAN,USA,NNL,0
NEGRO GONZALEZ,Testifonte,Testifonte NEGRO GONZALEZ,Spain,NOT,0
NEIGHBORS,Mr.,Mr. NEIGHBORS,USA,NSM,0
NELSON,Hondo,Hondo NELSON,USA,NNH,0
NEO,Stanley,Stanley NEO,Singapore,NOS,0
NETHERTON,Chris,Chris NETHERTON,UK,NNC,0
NEWMAN,Shane,Shane NEWMAN,Canada,221,0
NEWTON,Walter,Walter NEWTON,USA,NNW,0
NICEWARNER,Steve,Steve NICEWARNER,USA,NRS,0
NICHOLAS,David,David NICHOLAS,USA,NSD,0
NIED,Ken,Ken NIED,USA,NDK,0
NIELSEN,Chris,Chris NIELSEN,USA,22C,0
NIEZNANSKI,Rick,Rick NIEZNANSKI,USA,NIR,0
NIKOLOV,Alexey,Alexey NIKOLOV,Russia,NVA,0
NILSSON,Stefan,Stefan NILSSON,Sweden,NNS,0
NILSSON,Häkan,Häkan NILSSON,Sweden,22H,0
NILSSON,Kent,Kent NILSSON,Sweden,NNK,0
NITROSSO,Bruno,Bruno NITROSSO,France,NOB,0
NIXON,Mark,Mark NIXON,USA,NNM,0
NIXON,stance,stance NIXON,USA,22S,0
NOAH,Matt,Matt NOAH,usa,NHM,0
NOGUEIRA,Carl,Carl NOGUEIRA,USA,NAC,0
NOLLES,Andries,Andries NOLLES,Netherlands,NSA,0
NORDLUND,Peter,Peter NORDLUND,Finland,NDP,0
NORDSTRöM,Lars,Lars NORDSTRöM,Sweden,NML,0
NORKO,Damon,Damon NORKO,USA,NOD,0
NORMAN,Gary,Gary NORMAN,UK,NNG,0
NORTH,Thomas,Thomas NORTH,USA,NHT,0
NORTHEY,Rich,Rich NORTHEY,USA,NYI,0
NORTHMAN,Ralf,Ralf NORTHMAN,Sweden,NN3,0
NORTON,P.J.,P.J. NORTON,USA,NNJ,0
NYGåRDS,Ola,Ola NYGåRDS,Norway,NSO,0
NøRGAARD,Jakob,Jakob NøRGAARD,Denmark,NDJ,0
O'BRIEN,Mike,Mike O'BRIEN,USA,ONM,0
O'BOYLE,Anthony,Anthony O'BOYLE,UK,OEA,0
O'CONNELL,Vincent,Vincent O'CONNELL,USA,OLV,0
O'CONNOR,Bob,Bob O'CONNOR,USA,ORB,0
O'DELL,Dave,Dave O'DELL,USA,OLD,0
O'QUIN,Jack,Jack O'QUIN,USA,ONJ,0
O'REILLY,John,John O'REILLY,UK,OYJ,0
O'SHEA,Mick,Mick O'SHEA,USA,OAM,0
OBERMEIT,Volker,Volker OBERMEIT,Switzerland,OTV,0
OCKELMANN,John,John OCKELMANN,USA,O2J,0
OLAUSSON,Dag,Dag OLAUSSON,Sweden,O2D,0
OLDEN,Chris,Chris OLDEN,USA,ONC,0
OLER,Robert,Robert OLER,Canada,ORR,0
OLINIK,Stéphan,Stéphan OLINIK,France,OKS,0
OLIVER,Oscar,Oscar OLIVER,Spain,ORO,0
OLIVIERI,Andrea,Andrea OLIVIERI,Italy,OIA,0
OLSON,Dave,Dave OLSON,USA,OND,0
OLSSON,Lars,Lars OLSSON,Sweden,ONL,0
OLSSON,Anders,Anders OLSSON,Sweden,ONA,0
OLSZANSKI,Paul,Paul OLSZANSKI,USA,OIP,0
ORMIèRES,Frédéric,Frédéric ORMIèRES,France,OSF,0
ORTEGA,Eric,Eric ORTEGA,USA,OAE,0
ORTEGA,Peter,Peter ORTEGA,USA,OAP,0
ORWIN,Darren,Darren ORWIN,UK,527,0
OTTEN,Michiel,Michiel OTTEN,Netherlands,OSM,0
OWEN,Bill,Bill OWEN,USA,ONW,0
OWSEN,Dan,Dan OWSEN,USA,O27,0
OZVAT,Matt,Matt OZVAT,USA,OTM,0
PAGNI,Andrea,Andrea PAGNI,Italy,PIA,0
PAILLARD,Olivier,Olivier PAILLARD,France,PDO,0
Palma,Pat,Pat Palma,USA,PAP,0
PALMER,Phil,Phil PALMER,usa,PRP,0
PALMER,Peter,Peter PALMER,Australia,P3P,0
PAOLI,Jean-Pascal,Jean-Pascal PAOLI,France,PIJ,0
PAPAS,Jeff,Jeff PAPAS,USA,PSE,0
PAREJA CASTILLA,Jesus,Jesus PAREJA CASTILLA,Spain,PAJ,0
PARKER,Gregg,Gregg PARKER,USA,PRG,0
PARKES,Ian,Ian PARKES,UK,PSI,0
PASSLER,Carl,Carl PASSLER,USA,PRA,0
PATRICK,Mike,Mike PATRICK,USA,PKM,0
PATTEN,Dave,Dave PATTEN,USA,PND,0
PAU,Alex,Alex PAU,China,PUA,0
PAUGET,Hugues,Hugues PAUGET,France,PTH,0
PAVLE,Chris,Chris PAVLE,Canada,P8C,0
PAYNE,Chuck,Chuck PAYNE,USA,PE1,0
PEARSON,David,David PEARSON,USA,P2D,0
PEEBLES,Mike,Mike PEEBLES,USA,PSM,0
PELKONEN,Sami,Sami PELKONEN,Finland,P21,0
PENABELLA,Santiago,Santiago PENABELLA,Spain,PA1,0
ZHAO,Pengyu,Pengyu ZHAO,China,PUZ,0
PERCY,Ian,Ian PERCY,UK,PYI,0
PEREZ,José Luis,José Luis PEREZ,Spain,PZJ,0
PERHAM,Dave,Dave PERHAM,USA,PMD,0
PERRIN,Sébastien,Sébastien PERRIN,France,PNS,0
PESKLO,Steve,Steve PESKLO,USA,POT,0
PETERSEN,Steve,Steve PETERSEN,USA,PNE,0
PETERSON,Mark,Mark PETERSON,USA,PNM,0
PETRONZIO,Roger,Roger PETRONZIO,USA,POR,0
PETROS,Don,Don PETROS,USA,P1D,0
PEYRE,Christoffer,Christoffer PEYRE,Sweden,PEC,0
PHILIPPE,Jean-Michel,Jean-Michel PHILIPPE,France,PEJ,0
PHILLIPPS,Pete,Pete PHILLIPPS,UK,PSP,0
PHILLIPSEN,Jacob,Jacob PHILLIPSEN,Denmark,PNJ,0
PICKERING,Brian,Brian PICKERING,USA,PGB,0
PIE,Jesus,Jesus PIE,Spain,PE2,0
PIELHAU,Stephan,Stephan PIELHAU,Germany,PUS,0
PIERRES,Daniel,Daniel PIERRES,France,PSD,0
PIERSON,Tony,Tony PIERSON,USA,P2A,0
PIERZCHALA,Michael,Michael PIERZCHALA,USA,PAM,0
PIGNATELLI,Bernardo,Bernardo PIGNATELLI,Portugal,PIB,0
PILLING,Toby,Toby PILLING,UK,PGT,0
PINGLEY,Mark,Mark PINGLEY,USA,PYM,0
PIRARD,Roland,Roland PIRARD,Belgium,PDR,0
PIRES,John,John PIRES,USA,PSO,0
PITCAVAGE,Mark,Mark PITCAVAGE,USA,PEM,0
PLACHTA,Dan,Dan PLACHTA,USA,PAD,0
PLAIT,Antoine,Antoine PLAIT,France,PTA,0
PLEVA,Steve,Steve PLEVA,USA,PAS,0
PLUMMER,Reg,Reg PLUMMER,Canada,P33,0
POITOUT,Pascal,Pascal POITOUT,France,PTP,0
POLLARD,Ian,Ian POLLARD,UK,PDI,0
POLLOCK,Brent,Brent POLLOCK,Canada,PKB,0
POLNICKY,Wynn,Wynn POLNICKY,Canada,PYW,0
POMERANTZ,Phil,Phil POMERANTZ,usa,PZP,0
PONCINI,Nino,Nino PONCINI,Italy,PIN,0
PORTER,Ray,Ray PORTER,UK,PRR,0
POTIER,Franck,Franck POTIER,France,PRF,0
POTTS,Kieron,Kieron POTTS,UK,PSK,0
POUGET,Jean-Pierre,Jean-Pierre POUGET,France,PTJ,0
POVEY,Jim,Jim POVEY,USA,PYJ,0
POVILL,Ramon,Ramon POVILL,Spain,PLR,0
PRANDI,Claudio,Claudio PRANDI,Italy,PIC,0
PRATT,Lind,Lind PRATT,usa,PTL,0
PRESTON,Dan,Dan PRESTON,USA,PN1,0
PREVO,Tracy,Tracy PREVO,USA,PO4,0
PRIOR,Sam,Sam PRIOR,UK,PRS,0
PRIé,Arnaud,Arnaud PRIé,France,PEA,0
PROBST,Bruce,Bruce PROBST,Australia,PTB,0
PROD'HOMME,Pierre,Pierre PROD'HOMME,France,PEP,0
PROUDFOOT,Gerry,Gerry PROUDFOOT,USA,PTE,0
PROVAN,John,John PROVAN,USA,PNO,0
PROVOST,Vic,Vic PROVOST,USA,PTV,0
PUCCIO,Mike,Mike PUCCIO,USA,POM,0
PUENTE DIAZ,Sergio,Sergio PUENTE DIAZ,Spain,PES,0
PUGH,Kris,Kris PUGH,UK,PHK,0
PULHAMUS,Derek,Derek PULHAMUS,USA,P17,0
PUZZIELLO,Sergio,Sergio PUZZIELLO,Italy,POS,0
PYTEL,Todd,Todd PYTEL,USA,PLT,0
PÅHLSSON,Tom,Tom PÅHLSSON,Sweden,PNT,0
QUANT,Peter,Peter QUANT,Netherlands,QTP,0
QUILL,Coleman,Coleman QUILL,USA,QLC,0
QVARFORDT,Daniel,Daniel QVARFORDT,Sweden,QTD,0
RAGUSA,Gerard,Gerard RAGUSA,USA,RAU,0
RAMIREZ,Dave,Dave RAMIREZ,USA,RZD,0
RAMIS,Pedro,Pedro RAMIS,Belgium,RSP,0
RAMSEY,David,David RAMSEY,UK,RYD,0
RANDALL,David,David RANDALL,USA,RLD,0
RANDEAU,Fabrice,Fabrice RANDEAU,France,RUF,0
RANSON,Nick,Nick RANSON,UK,RNN,0
RASMUSSEN,Rene Yssing,Rene Yssing RASMUSSEN,Denmark,RNR,0
RASMUSSEN,Peter,Peter RASMUSSEN,Denmark,RNP,0
RAYMO,Tom,Tom RAYMO,USA,ROT,0
RAYMOND,Jean-Pierre,Jean-Pierre RAYMOND,Canada,3DJ,0
REAL BERNAL,Ramon,Ramon REAL BERNAL,Spain,RLR,0
REDSTONE,Eric,Eric REDSTONE,USA,REE,0
REED,Mike,Mike REED,USA,RDK,0
REED,Travis,Travis REED,USA,RDT,0
REED,Martin,Martin REED,USA,67M,0
REENSTRA,Dave,Dave REENSTRA,usa,RAD,0
REEVE,Robin,Robin REEVE,France,RER,0
REGISTER,Bryan,Bryan REGISTER,USA,RRB,0
REINESCH,Rick,Rick REINESCH,USA,RHR,0
REINKING,Dave,Dave REINKING,USA,RGD,0
REINKING,Larry,Larry REINKING,USA,3GL,0
REMACLE,Thierry,Thierry REMACLE,France,RET,0
REPETTI,Tom,Tom REPETTI,USA,RIT,0
RETAMERO,Fermin,Fermin RETAMERO,Spain,ROF,0
REY,Benoît,Benoît REY,France,RYB,0
REY,Jérome,Jérome REY,France,RYJ,0
REZABEK,Robert,Robert REZABEK,USA,RKR,0
RHODES,Michael,Michael RHODES,UK,RSM,0
RICHARDS,John,John RICHARDS,USA,RSO,0
RICHARDSON,Ben,Ben RICHARDSON,USA,RNB,0
RICHARDSON,Whit,Whit RICHARDSON,USA,RNW,0
RICHARDSON,Nick,Nick RICHARDSON,USA,RN4,0
RICHARDSON,Tom,Tom RICHARDSON,USA,RN1,0
RICKMAN,Mike,Mike RICKMAN,USA,S2M,0
RIEDER,Mike,Mike RIEDER,USA,33M,0
RIEDL,Tim,Tim RIEDL,USA,RLT,0
RIEMENSCHNEIDER,Gene,Gene RIEMENSCHNEIDER,USA,RRG,0
RILEY,William N.,William N. RILEY,USA,RYW,0
RIMMER,James,James RIMMER,Canada,33J,0
RIMMER,Doug,Doug RIMMER,Canada,337,0
RIMPILÄINEN,Johannes,Johannes RIMPILÄINEN,Finland,RNJ,0
RIMVALL,Magnus,Magnus RIMVALL,Sweden,RLM,0
RINEHART,Bruce,Bruce RINEHART,USA,RTB,0
RINGERS,Marten Jan,Marten Jan RINGERS,Netherlands,R1M,0
RISHER,Jim,Jim RISHER,USA,RRJ,0
RITTER,Derek,Derek RITTER,Canada,RR1,0
RITTER,Ulrich,Ulrich RITTER,USA,RRU,0
ROBERTS,Jamie,Jamie ROBERTS,Canada,RSJ,0
ROBERTS,Lance,Lance ROBERTS,USA,RSL,0
ROBIDA,Eric,Eric ROBIDA,USA,RAE,0
ROBIN,Andy,Andy ROBIN,USA,RNA,0
ROCHETEAU,Frédéric,Frédéric ROCHETEAU,France,RUR,0
ROCKWELL,John,John ROCKWELL,USA,RLJ,0
RODGERS,Michael,Michael RODGERS,Canada,RS2,0
RODRIGUEZ,David,David RODRIGUEZ,USA,3ZD,0
ROGERS,Steve,Steve ROGERS,USA,RSS,0
ROGERS,Andrew,Andrew ROGERS,Australia,R1A,0
ROGUCKI,Joe,Joe ROGUCKI,usa,RIJ,0
ROHLFING,Larry,Larry ROHLFING,USA,RGL,0
ROHMER,Philippe,Philippe ROHMER,France,RRP,0
ROMANOWSKI,Scott,Scott ROMANOWSKI,USA,RIS,0
ROMEY,Matt,Matt ROMEY,USA,35M,0
ROSE,Mike,Mike ROSE,USA,RE1,0
ROSENBERG,Adam,Adam ROSENBERG,Denmark,RGA,0
ROSNER,David,David ROSNER,USA,RRD,0
ROSSI,Randy,Randy ROSSI,USA,RIR,0
ROSSO,Vic,Vic ROSSO,USA,ROV,0
ROUBIDOUX,Doug,Doug ROUBIDOUX,USA,RXD,0
ROUNDHILL,Brian,Brian ROUNDHILL,USA,RLB,0
ROUSSE-LACORDAIRE,Alexandre,Alexandre ROUSSE-LACORDAIRE,France,REA,0
ROUTH,Brian,Brian ROUTH,USA,RHB,0
ROUTH,Sasha,Sasha ROUTH,USA,3H1,0
ROY,Xavier,Xavier ROY,France,RYX,0
RUDEK,Jim,Jim RUDEK,Canada,3KJ,0
RUESTES,David,David RUESTES,Spain,RSD,0
RUMAUX,Eric,Eric RUMAUX,France,RXE,0
RUPP,Jim,Jim RUPP,USA,RPJ,0
RUSTUM,Asad,Asad RUSTUM,Sweden,RMA,0
RUTA,Tom,Tom RUTA,USA,RAT,0
RYAN,Kevin,Kevin RYAN,USA,RNK,0
RYAN,Pat,Pat RYAN,USA,RN6,0
RYDBERG,Claes-Erik,Claes-Erik RYDBERG,Sweden,RGC,0
RYERSON,Andy,Andy RYERSON,Canada,21A,0
RYHR,Carles,Carles RYHR,Spain,RRC,0
RYLAND,Sheldon,Sheldon RYLAND,USA,RDS,0
RYZY,Mike,Mike RYZY,USA,RYM,0
RöNNBLOM,Mattias,Mattias RöNNBLOM,Sweden,RMM,0
SAARINEN,Rami,Rami SAARINEN,Finland,123,0
SABIDO,Nicolas,Nicolas SABIDO,Spain,SON,0
SACKETT,Greg,Greg SACKETT,USA,STG,0
SACKETT,Sarah,Sarah SACKETT,USA,1T1,0
SAFRAN,Eric,Eric SAFRAN,usa,SN2,0
SAGAZ,Lluis,Lluis SAGAZ,Spain,SZL,0
SAHLIN,Johan,Johan SAHLIN,Sweden,SNJ,0
SAINTY,Eric,Eric SAINTY,France,1YE,0
SALIN,Steve,Steve SALIN,USA,1N1,0
SALINAS,Albert,Albert SALINAS,USA,S1A,0
SALISBURY,Rick,Rick SALISBURY,USA,SYK,0
SALTZMAN,Alan Wayne,Alan Wayne SALTZMAN,usa,SN4,0
SALVAT,Roger,Roger SALVAT,Spain,STR,0
SALZBURG,Al,Al SALZBURG,USA,SGA,0
SAMMARCO,Mike,Mike SAMMARCO,USA,CO6,0
SAMPSON,Brian,Brian SAMPSON,USA,SNB,0
SANCHEZ GALAN,Miguel Angel,Miguel Angel SANCHEZ GALAN,Spain,SZM,0
SANCHIS,Arnaud,Arnaud SANCHIS,France,SS8,0
SANDAGER,Søren,Søren SANDAGER,Danemark,121,0
SANDBLOM,Svante,Svante SANDBLOM,Sweden,SMS,0
SANDERS,William,William SANDERS,USA,SSW,0
SANDERS,Tom,Tom SANDERS,USA,SSO,0
SANNESSON,Henrik,Henrik SANNESSON,Sweden,SNH,0
SAULIERE,Antoine,Antoine SAULIERE,France,SEN,0
SAUNDERS,Paul,Paul SAUNDERS,UK,SSP,0
SAUNDERS,Wayne,Wayne SAUNDERS,USA,11W,0
SAUR,Sébastien,Sébastien SAUR,France,1R1,0
SCHAEFFER,Paul,Paul SCHAEFFER,USA,SRP,0
SCHAEFFER,Tiago,Tiago SCHAEFFER,USA,SRT,0
SCHALLBERG,Todd,Todd SCHALLBERG,USA,SGT,0
SCHATZ,Eric,Eric SCHATZ,Switzerland,1ZE,0
SCHATZ,Chris,Chris SCHATZ,USA,SZC,0
SCHATZ,Ron,Ron SCHATZ,USA,SZO,0
SCHEUER,Fredrik,Fredrik SCHEUER,Sweden,SRF,0
SCHINDLER,Charlie,Charlie SCHINDLER,Switzerland,1RC,0
SCHIPANI,Dave,Dave SCHIPANI,USA,SID,0
SCHIRMANNS,Holger,Holger SCHIRMANNS,Germany,SSH,0
SCHMITTGENS,Greg,Greg SCHMITTGENS,USA,11G,0
SCHNEIDER,Ian,Ian SCHNEIDER,USA,13I,0
SCHNEIDER,John,John SCHNEIDER,USA,1RJ,0
SCHNEIDER,Ralph,Ralph SCHNEIDER,USA,SRA,0
SCHOFIELD,Dave,Dave SCHOFIELD,UK,SDD,0
SCHOOLS,Glenn,Glenn SCHOOLS,USA,SSG,0
SCHRAMM,William,William SCHRAMM,USA,SMW,0
SCHROEDER,Ed,Ed SCHROEDER,USA,SR2,0
SCHUHMACHER,Torsten,Torsten SCHUHMACHER,Germany,SER,0
SCHUMACHER,Oliver,Oliver SCHUMACHER,Germany,SRO,0
SCHUTZ,Ryan,Ryan SCHUTZ,USA,1ZR,0
SCHWARTZ,Gary,Gary SCHWARTZ,USA,SZG,0
SCHWARZ,Fred,Fred SCHWARZ,usa,SZF,0
SCHWARZ,Eli,Eli SCHWARZ,USA,SZE,0
SCHWELA,Ulric,Ulric SCHWELA,Finland,SAU,0
SCHWOEBEL,Matt,Matt SCHWOEBEL,USA,SLM,0
SCOTT,Nathan,Nathan SCOTT,Canada,STN,0
SCOTT CHRISTENSEN,Flemming,Flemming SCOTT CHRISTENSEN,Denmark,SCF,0
SCREF,Claude,Claude SCREF,Belgium,SFC,0
SCRIBER,Darin,Darin SCRIBER,USA,13D,0
SCRIPP,Robert,Robert SCRIPP,Canada,SPR,0
SEAGE,Paul,Paul SEAGE,Australia,SEP,0
SEAMON,Josh,Josh SEAMON,USA,SMJ,0
SEE,Vlad,Vlad SEE,Philippines,SEV,0
SEENEY,Robert,Robert SEENEY,UK,SYR,0
SELLAR,Glenn,Glenn SELLAR,USA,SRG,0
SEMENZA,Seth,Seth SEMENZA,USA,SAS,0
SENGOTTAIYAN,Mike,Mike SENGOTTAIYAN,USA,1NM,0
SENGSTOCK,Scott,Scott SENGSTOCK,USA,SKC,0
SENINGEN,Mike,Mike SENINGEN,USA,SNK,0
SERAFIN,Jim,Jim SERAFIN,USA,SNI,0
SERIO,Louis,Louis SERIO,USA,SOL,0
SESSIONS,David,David SESSIONS,USA,11D,0
SETTINGER,Steve,Steve SETTINGER,USA,SRS,0
SEULOWITZ,Rob,Rob SEULOWITZ,USA,SZB,0
SEWALL,Jeff,Jeff SEWALL,USA,SLJ,0
SEXTON,James,James SEXTON,USA,SXN,0
SEYMOUR,Phil,Phil SEYMOUR,USA,1RP,0
SHANNON,Richard,Richard SHANNON,USA,1NR,0
SHARP,Tom,Tom SHARP,USA,SPT,0
SHARP,John,John SHARP,UK,SPJ,0
SHEA,Michael,Michael SHEA,USA,SAH,0
SHELLING,Pete,Pete SHELLING,USA,SGP,0
SHEPPARD,Doug,Doug SHEPPARD,USA,SDO,0
SHERLIKER,Bill,Bill SHERLIKER,UK,SRB,0
SHERRY,Evan,Evan SHERRY,USA,SYE,0
SHIELDS,Rusty,Rusty SHIELDS,USA,11R,0
SHIFFLETT,Shawn,Shawn SHIFFLETT,USA,1TS,0
SHILOAH,Ran,Ran SHILOAH,Israel,SHR,0
SHIMO,Arnold,Arnold SHIMO,USA,SOA,0
SHIPLEY,Eric,Eric SHIPLEY,USA,15E,0
SHIPLEY,Rich,Rich SHIPLEY,USA,SY1,0
SHORE,Alan,Alan SHORE,USA,SEL,0
SHORT,James,James SHORT,UK,1TJ,0
SHOSTAK,Matt,Matt SHOSTAK,USA,SKM,0
SHRYOCK,Mark,Mark SHRYOCK,USA,1KM,0
SHURTZ,Randy,Randy SHURTZ,USA,SZR,0
SHUSTER,Robert,Robert SHUSTER,USA,SRR,0
SIACKNIKI,John,John SIACKNIKI,USA,SIJ,0
SIBLEY,Aaron,Aaron SIBLEY,UK,SYA,0
SIDHU,Paul,Paul SIDHU,USA,SUP,0
SIEMSEN,Bo,Bo SIEMSEN,Denmark,SSB,0
SIEMSEN,Mikael,Mikael SIEMSEN,Denmark,SNM,0
SIMMONS,Jerry,Jerry SIMMONS,USA,SS3,0
SIMON,Gerhard,Gerhard SIMON,Germany,SNG,0
SIMONDS,Richard,Richard SIMONDS,USA,SS5,0
SIMONSEN,Paul,Paul SIMONSEN,USA,1NP,0
SIMONSEN,Lars-Petter,Lars-Petter SIMONSEN,Denmark,SNL,0
SIMPSON,Andrew,Andrew SIMPSON,USA,1NA,0
SINEATH,Luke,Luke SINEATH,USA,SHL,0
SISLER,Bill,Bill SISLER,USA,SRI,0
SIWCZAK,Eric,Eric SIWCZAK,France,SKE,0
SIZMUR,Carl,Carl SIZMUR,UK,SRC,0
SIZOV,Anatoly,Anatoly SIZOV,Russia,SVA,0
SJöGREN,Roger,Roger SJöGREN,Sweden,SNR,0
SJöKVIST,Johan,Johan SJöKVIST,Sweden,STJ,0
SLOTWINSKI,John,John SLOTWINSKI,USA,1IJ,0
SLOWIK,Stéphane,Stéphane SLOWIK,France,SKS,0
SLUNT,Steve,Steve SLUNT,Canada,141,0
SLUNT,Bill,Bill SLUNT,Canada,STW,0
SMEE,Alan,Alan SMEE,Australia,SEA,0
SMEETS,Hans,Hans SMEETS,Netherlands,11H,0
SMITH,Doug,Doug SMITH,usa,SHD,0
SMITH,Andy,Andy SMITH,UK,SHA,0
SMITH,Warren,Warren SMITH,USA,SHW,0
SMITH,Cliff,Cliff SMITH,USA,1HJ,0
SMITH,Sean,Sean SMITH,USA,1H1,0
SMITH,Gregory,Gregory SMITH,USA,1HG,0
SMITH,Bob,Bob SMITH,USA,SH3,0
SMITH,Barry,Barry SMITH,usa,SHB,0
SMITH,Bret,Bret SMITH,USA,SH2,0
SMITH,Kenny,Kenny SMITH,USA,14K,0
SMITH,Graham,Graham SMITH,UK,SHG,0
SNOEK,Eric,Eric SNOEK,Netherlands,1KE,0
SNOW,Marty,Marty SNOW,usa,SWM,0
SOFFA,Mike,Mike SOFFA,USA,1AM,0
SOLA,Jordi,Jordi SOLA,Spain,SAJ,0
SOLER MACHO,Eloi,Eloi SOLER MACHO,Spain,S3E,0
SOUKUP,Daniel,Daniel SOUKUP,USA,SPD,0
SPANGLER,Diane,Diane SPANGLER,USA,SR4,0
SPANGLER,Larry,Larry SPANGLER,USA,SRL,0
SPEELMAN,Joshua,Joshua SPEELMAN,USA,1NJ,0
SPELL,Chris,Chris SPELL,USA,SLC,0
SPILKY,Richard,Richard SPILKY,USA,SYI,0
SPINETTI,Simon,Simon SPINETTI,Australia,SIS,0
SPRAGUE,Michael,Michael SPRAGUE,USA,SEC,0
SPURLOCK,Derek,Derek SPURLOCK,USA,SKD,0
SPURLOCK,Keith,Keith SPURLOCK,USA,SKK,0
ST.CLAIR,Rob,Rob ST.CLAIR,USA,1RR,0
STADICK,John,John STADICK,usa,SKO,0
STAI,Rob,Rob STAI,USA,SIR,0
STANBRIDGE,Mike,Mike STANBRIDGE,UK,SEM,0
STANHAGEN,Neil,Neil STANHAGEN,usa,SN3,0
STANHAGEN,Dan,Dan STANHAGEN,usa,SND,0
STANIFORTH,Simon,Simon STANIFORTH,UK,SHS,0
STAPF,Nathan,Nathan STAPF,USA,SFN,0
STAPLETON,Chuck,Chuck STAPLETON,USA,12C,0
STCLAIR,Keith,Keith STCLAIR,USA,SRK,0
STEADMAN,Joe,Joe STEADMAN,USA,12J,0
STEIN,Nicklas,Nicklas STEIN,Sweden,SNN,0
STEPHENS,Dave,Dave STEPHENS,USA,SSD,0
STEVENS,bill,bill STEVENS,USA,S1W,0
STEVENS,Neil,Neil STEVENS,UK,SSN,0
STEWART,Stephen,Stephen STEWART,USA,STS,0
STEWART,Andrew,Andrew STEWART,Australia,STA,0
STOCK,Beate,Beate STOCK,Germany,SKB,0
STOKES,Alex,Alex STOKES,USA,11A,0
STONE,Don,Don STONE,USA,SED,0
STOPPEL,William,William STOPPEL,usa,SLW,0
STORZILLO,Chris,Chris STORZILLO,USA,SOC,0
STRADER,Randy,Randy STRADER,USA,133,0
STRAND,Mikael,Mikael STRAND,Sweden,1DM,0
STRAND,Christoffer,Christoffer STRAND,Sweden,SDC,0
STRAND,Derek,Derek STRAND,USA,SDE,0
STRAND,Peter,Peter STRAND,USA,SDP,0
STRASSER,Franck,Franck STRASSER,Germany,1RF,0
STRAUSS,Ethan,Ethan STRAUSS,USA,SSE,0
STRAZZARI,Federico,Federico STRAZZARI,Italy,SIF,0
STRUIJF,Peter,Peter STRUIJF,Netherlands,SFP,0
STUBITS,Mike,Mike STUBITS,USA,SSM,0
STUCKERT,Kent,Kent STUCKERT,USA,STK,0
SUDERMAN,Paul,Paul SUDERMAN,Canada,S2P,0
SUDERMAN,Jim,Jim SUDERMAN,Canada,124,0
SUDERMAN,Mike,Mike SUDERMAN,Canada,12M,0
SULLIVAN,Brian,Brian SULLIVAN,USA,SNA,0
SULLIVAN,Mike,Mike SULLIVAN,USA,SNE,0
SULLIVAN,Jim,Jim SULLIVAN,USA,SN1,0
SULZBY,Steven,Steven SULZBY,USA,SYS,0
SUTTON,Ross,Ross SUTTON,usa,SNO,0
SVARE,Steve,Steve SVARE,USA,1E1,0
SVäRD,Martin,Martin SVäRD,Sweden,SDM,0
SWANN,Steve,Steve SWANN,USA,SNS,0
SWIFT,Barry,Barry SWIFT,USA,STB,0
SYLVESTER,Joe,Joe SYLVESTER,USA,SR1,0
SYLVESTER,Howard,Howard SYLVESTER,USA,SRH,0
Sæveraas,Torgeir,Torgeir Sæveraas,Norway,SST,0
TABEL,Fabrice,Fabrice TABEL,France,TLF,0
TADDEI,Jean,Jean TADDEI,France,4IJ,0
TAIT,John,John TAIT,UK,TTJ,0
TAKAI,Daniel,Daniel TAKAI,Switzerland,TID,0
TALBOT,Keith,Keith TALBOT,USA,TTK,0
TAPIO,Ray,Ray TAPIO,USA,TOR,0
TASKY,Stephan,Stephan TASKY,France,TYS,0
TASMAN,Osman,Osman TASMAN,Turkey,TNO,0
TAYLOR,Jim,Jim TAYLOR,USA,TRA,0
TAYLOR,Troy,Troy TAYLOR,USA,TRT,0
TAYLOR,Greg,Greg TAYLOR,USA,T3G,0
TAYLOR,Glen,Glen TAYLOR,USA,TRG,0
TAYLOR,Jeff,Jeff TAYLOR,USA,TRE,0
TAYLOR,Simon,Simon TAYLOR,UK,TRS,0
TELLIER,Sébastien,Sébastien TELLIER,France,431,0
TEMPEST,Tristan,Tristan TEMPEST,Sweden,TTT,0
TEWKSBURY,Chuck,Chuck TEWKSBURY,USA,TYC,0
THAIN,Stewart,Stewart THAIN,UK,TNT,0
THIEBAULT,Xavier,Xavier THIEBAULT,France,TTX,0
THOMPSON,Christopher,Christopher THOMPSON,USA,TNC,0
THOMPSON,Scott,Scott THOMPSON,USA,TN2,0
THOMPSON,Jeff,Jeff THOMPSON,USA,TNJ,0
THOREN,Staffan,Staffan THOREN,Sweden,TNS,0
THORNTON,Lee,Lee THORNTON,USA,TNL,0
THURING,Lars,Lars THURING,Sweden,TGL,0
TIELEMANS,Yves,Yves TIELEMANS,Belgium,TSY,0
TIELEMANS,Bruno,Bruno TIELEMANS,Belgium,TSB,0
TIMM,Fred,Fred TIMM,USA,TMF,0
TINSLEY,Steve,Steve TINSLEY,USA,TYT,0
TINTURE,Laurent,Laurent TINTURE,France,TEL,0
TIRRELL,Robert,Robert TIRRELL,USA,TLR,0
TOCHER,Derek,Derek TOCHER,UK,TRD,0
TODD,Keith,Keith TODD,USA,TDK,0
TOKARZ,Louie,Louie TOKARZ,USA,TZL,0
TOLLEY,Dave,Dave TOLLEY,USA,TYD,0
TOMAS,José,José TOMAS,Spain,TSJ,0
TONEY,Jeff,Jeff TONEY,USA,TY1,0
TOPP,eric,eric TOPP,Australia,4PE,0
TOREKI,Jeff,Jeff TOREKI,USA,TI1,0
TORGESON,Ted,Ted TORGESON,USA,424,0
TORKELSON,Jim,Jim TORKELSON,USA,TNI,0
TORNERO,José,José TORNERO,Spain,TOJ,0
TORRENGA,Don,Don TORRENGA,USA,TAD,0
TOURNEMIRE,G.,G. TOURNEMIRE,France,TEG,0
TOUVDAL,Jes,Jes TOUVDAL,Denmark,TLJ,0
TOZE,Santos,Santos TOZE,Portugal,TES,0
TRACY,J.R.,J.R. TRACY,USA,TYJ,0
TRAVER,Jim,Jim TRAVER,USA,TR2,0
TREATMAN,Steve,Steve TREATMAN,USA,412,0
TRESLOVE,Paul,Paul TRESLOVE,UK,TEP,0
TREU,James,James TREU,USA,TUJ,0
TREZZA,Gary,Gary TREZZA,USA,TAG,0
TRIPPEER,Richard,Richard TRIPPEER,USA,TRR,0
TROHA,Rick,Rick TROHA,USA,TAR,0
TRONDSEN,Eivind,Eivind TRONDSEN,Norway,TNE,0
TROULAY,Yves,Yves TROULAY,France,TYY,0
TROUT,Chris,Chris TROUT,USA,TTC,0
TRUE,James,James TRUE,USA,TEJ,0
TUFANO,Bob,Bob TUFANO,USA,TOB,0
TULET,Michel,Michel TULET,France,TTM,0
TURCO,Christian,Christian TURCO,France,TOC,0
TURESSON,Tomas,Tomas TURESSON,Sweden,T2T,0
TURLEY,Troy,Troy TURLEY,USA,T5T,0
TURPIN,David,David TURPIN,UK,TND,0
TURPIN,John,John TURPIN,UK,T2J,0
TUTEN,Ian,Ian TUTEN,USA,T2I,0
TUZZI,Massimiliano,Massimiliano TUZZI,Italy,TIM,0
TYE,David,David TYE,UK,TED,0
TYSON,Sam,Sam TYSON,USA,TNA,0
TYSON,Keith,Keith TYSON,USA,TNK,0
TåNGRING,Markus,Markus TåNGRING,Sweden,TGM,0
TöPPER,Marcus,Marcus TöPPER,Germany,TR0,0
UELRY,Gray,Gray UELRY,USA,UYG,0
URBANO CAMPOS,Andres,Andres URBANO CAMPOS,Spain,UOA,0
URUSKY,Mick,Mick URUSKY,Canada,UYM,0
VAILLANT,Philippe,Philippe VAILLANT,France,VTP,0
VAN BEEST,Bob,Bob VAN BEEST,USA,VTB,0
VAN DEN BERG,Bas,Bas VAN DEN BERG,Netherlands,BGB,0
VAN DER SALM,Hennie,Hennie VAN DER SALM,Netherlands,VND,0
VAN GUYEN,John,John VAN GUYEN,MEXICO,V2J,0
VAN HORN,Eric,Eric VAN HORN,USA,VNE,0
VAN HOUTE,Maarten,Maarten VAN HOUTE,Netherlands,H8M,0
VAN MARTER,John,John VAN MARTER,USA,VRJ,0
VAN MECHELEN,J.R.,J.R. VAN MECHELEN,usa,MVJ,0
VAN OSTEN,John,John VAN OSTEN,USA,VNJ,0
VAN POPPEL,Albert,Albert VAN POPPEL,Netherlands,VNP,0
VAN SCHALKWIJK,Boudewijn,Boudewijn VAN SCHALKWIJK,Netherlands,VNS,0
VANDENBOSCH,Christian,Christian VANDENBOSCH,France,VHC,0
VANDERBOS,Chad,Chad VANDERBOS,USA,VSC,0
VANEK,Arlen,Arlen VANEK,USA,VKA,0
VARS,Roy,Roy VARS,USA,VSR,0
VASILOU,Jim,Jim VASILOU,USA,VUJ,0
VAUGHN,Wes,Wes VAUGHN,USA,VNW,0
VEEDER,Marvin,Marvin VEEDER,USA,VRM,0
VEENSTRA,Maarten,Maarten VEENSTRA,Netherlands,VAA,0
VEENSTRA,Peter,Peter VEENSTRA,Netherlands,VAP,0
VENNARUCCI,Joe,Joe VENNARUCCI,USA,VIJ,0
VERHEIJ,Jeroen,Jeroen VERHEIJ,Netherlands,VJJ,0
VESTELIND,Tomas,Tomas VESTELIND,Sweden,VDT,0
VICCA,Martin,Martin VICCA,UK,VAM,0
VICENTE,Carlos,Carlos VICENTE,Spain,VEC,0
VIGIER,Fabrice,Fabrice VIGIER,France,VRF,0
VIHERSAARI,Eero,Eero VIHERSAARI,Finland,VI0,0
VINAL,John,John VINAL,USA,VLJ,0
VINCENT,Ray,Ray VINCENT,USA,VT3,0
VINCENT,Kirby,Kirby VINCENT,Sweden,V4K,0
VIROBIK,Daniel,Daniel VIROBIK,USA,VKD,0
VIRRI,Vesa,Vesa VIRRI,Finland,VIV,0
VISNOWSKI,Eric,Eric VISNOWSKI,USA,VIE,0
VITRY,Xavier,Xavier VITRY,France,VYX,0
VOIGT,Ric,Ric VOIGT,USA,VTR,0
VON VOIGHT,Karl,Karl VON VOIGHT,USA,VTK,0
VOZNIC,Ryan,Ryan VOZNIC,USA,VC1,0
WAH,Li Tah,Li Tah WAH,China,WHL,0
WALDEN,Bob,Bob WALDEN,USA,WNB,0
WALDON,Jeff,Jeff WALDON,USA,W2J,0
WALDRON,Bob,Bob WALDRON,USA,WN2,0
WALKER,Roger,Roger WALKER,USA,WRR,0
WALKER,Matt,Matt WALKER,USA,WRM,0
WALLACE,Dave,Dave WALLACE,Australia,WED,0
WALLER,Will,Will WALLER,USA,WRW,0
WALLER,Andy,Andy WALLER,UK,9RA,0
WALLICK,Dave,Dave WALLICK,USA,WKD,0
WALTERS,Craig,Craig WALTERS,USA,WSC,0
WALTON,Chris,Chris WALTON,UK,WNC,0
WALZ,Mark,Mark WALZ,USA,WZM,0
WAN,Lai Lap,Lai Lap WAN,China,W2L,0
WANG,Zhen,Zhen WANG,China,WGZ,0
WANNALL,Charles,Charles WANNALL,USA,WLC,0
WARD,Derek,Derek WARD,Australia,WDD,0
WARD,Peter,Peter WARD,USA,W7P,0
WARD,Brian,Brian WARD,USA,9DB,0
WARD,Michael,Michael WARD,USA,WDM,0
WARD,Joe,Joe WARD,USA,WDJ,0
WARDZALA,Dave,Dave WARDZALA,USA,WAD,0
WARREN,James,James WARREN,USA,92J,0
WASSERMAN,Jeff,Jeff WASSERMAN,Canada,WN3,0
WATERHOUSE,Jim,Jim WATERHOUSE,USA,WEJ,0
WATSON,Mark,Mark WATSON,Canada,W2M,0
WAUFORD,Hayes,Hayes WAUFORD,USA,WDH,0
WEBBER,Steve,Steve WEBBER,Canada,WRS,0
WEGENER,Nathan,Nathan WEGENER,USA,WRN,0
WEGENER,Peter,Peter WEGENER,USA,WRP,0
WEGENER,Albert,Albert WEGENER,USA,WRA,0
WEILEY,Richard,Richard WEILEY,Australia,WYR,0
WEIMAR,Laurent,Laurent WEIMAR,France,W3L,0
WEISS,Michael,Michael WEISS,USA,WS1,0
WELSH,Cliff,Cliff WELSH,usa,WHC,0
WENTZELL,Jeff,Jeff WENTZELL,USA,WLJ,0
WERT,Jason,Jason WERT,USA,WTJ,0
WERT,Jeff,Jeff WERT,USA,9TJ,0
WESTERGREN,Anders,Anders WESTERGREN,Sweden,W2A,0
WESTERLUND,Antti,Antti WESTERLUND,Finland,WDA,0
WESTLAKE,Jamie,Jamie WESTLAKE,Australia,98J,0
WESTON,Ramon,Ramon WESTON,USA,W2R,0
WETZELBERGER,Dale,Dale WETZELBERGER,USA,WRD,0
WHALEN,Liam,Liam WHALEN,Canada,WNL,0
WHELAN,Roger,Roger WHELAN,USA,WN1,0
WHINNET,Andrew,Andrew WHINNET,UK,WTA,0
WHITE,Rick,Rick WHITE,Canada,WER,0
WHITE,Sean,Sean WHITE,Canada,WES,0
WHITE,Jim,Jim WHITE,USA,9EJ,0
WHITE,Al,Al WHITE,USA,9EA,0
WHITES,Steve,Steve WHITES,USA,WSS,0
WHITHAM,Unknown,Unknown WHITHAM,USA,WMU,0
WIDYAPARAGA,Adhika,Adhika WIDYAPARAGA,Indonesia,WAA,0
WIEHAHN,Miles,Miles WIEHAHN,UK,WNM,0
WIERSMA,Brian,Brian WIERSMA,USA,WAB,0
WIESER,Norm,Norm WIESER,Canada,9RN,0
WIESING,Bill,Bill WIESING,USA,WGB,0
WIGERTZ,Anders,Anders WIGERTZ,Sweden,WZA,0
WILCOX,Ted,Ted WILCOX,USA,WXT,0
WILEY,Todd,Todd WILEY,USA,WYT,0
WILLEY,Ian,Ian WILLEY,UK,9YI,0
WILLEY,Mike,Mike WILLEY,USA,WYI,0
WILLIAMS,Brian,Brian WILLIAMS,USA,WS2,0
WILLIAMS,Dave,Dave WILLIAMS,USA,WSD,0
WILLIAMS,Russell,Russell WILLIAMS,Canada,WSR,0
WILLIAMSON,Jerry,Jerry WILLIAMSON,USA,920,0
WILLMANN,Ken,Ken WILLMANN,USA,WNK,0
WILLMER,Charlie,Charlie WILLMER,USA,WRC,0
WILLOW,Larry,Larry WILLOW,USA,99L,0
WILLOW,Will,Will WILLOW,USA,WWW,0
WILLS,Bryan,Bryan WILLS,USA,WSB,0
WILSON,David,David WILSON,New Zealand,W2D,0
WILSON,Tim,Tim WILSON,usa,WNT,0
WILSON,Tom,Tom WILSON,Canada,W24,0
WILSON,Robert,Robert WILSON,USA,W23,0
WILSON,Joe,Joe WILSON,USA,WN6,0
WILSON,Charlie,Charlie WILSON,USA,W2C,0
WINSLOW,Larry,Larry WINSLOW,USA,WWL,0
WINSLOW,John,John WINSLOW,USA,WWJ,0
WIRHTLIN,Rob,Rob WIRHTLIN,USA,9N3,0
WIRTHLIN,Rob,Rob WIRTHLIN,USA,9NR,0
WIRTHLIN,Jeff,Jeff WIRTHLIN,USA,9NJ,0
WISEMAN,Jim,Jim WISEMAN,USA,924,0
WIT,Hank,Hank WIT,USA,WTH,0
WITHAAR,Hank,Hank WITHAAR,USA,WRH,0
WITHR,Hank,Hank WITHR,USA,W3H,0
WITJES,Dustin,Dustin WITJES,USA,W1D,0
WOLFE,David,David WOLFE,USA,W87,0
WOLFE,Mark,Mark WOLFE,USA,WEN,0
WOLKEY,Rob,Rob WOLKEY,USA,WY1,0
WOLLER,Kirk,Kirk WOLLER,USA,WRK,0
WOLOSZYN,Ray,Ray WOLOSZYN,USA,WNR,0
WOLSTENHOLME,James,James WOLSTENHOLME,Australia,W8J,0
WONG,Wei-Kwong,Wei-Kwong WONG,USA,WGW,0
WOOD,John,John WOOD,USA,9DJ,0
WOODALL,James,James WOODALL,USA,9LJ,0
WOODS,Mark,Mark WOODS,USA,W1M,0
WORBIS,Pär,Pär WORBIS,Sweden,NNP,0
WORDEN,Patrick,Patrick WORDEN,USA,WNP,0
WORDEN,John IV,John IV WORDEN,USA,WNO,0
WORDEN,John V,John V WORDEN,USA,92V,0
WORKS,Paul,Paul WORKS,USA,WSP,0
WRIGHT,Darrell,Darrell WRIGHT,USA,WTD,0
WURSTEISEN,Christian,Christian WURSTEISEN,France,WNH,0
XXXXXX,Juan,Juan XXXXXX,Spain,XX4,0
XXXXXX,Luis,Luis XXXXXX,Spain,XX5,0
YAN,Fen,Fen YAN,USA,YNF,0
YEATES,Randy,Randy YEATES,USA,YSR,0
YETTER,Tom,Tom YETTER,USA,YRT,0
YLLANES,David,David YLLANES,Canada,YSD,0
YNGERSKOG,Martin,Martin YNGERSKOG,Sweden,YGM,0
YOUNG,Kenneth,Kenneth YOUNG,Canada,YGK,0
YOUNG,Andy,Andy YOUNG,USA,YGA,0
YOUSE,Brian,Brian YOUSE,USA,YEB,0
ZAJAC,Matthew,Matthew ZAJAC,USA,ZCM,0
ZAPATA,dale,dale ZAPATA,USA,ZAD,0
ZARZECKI,Ross,Ross ZARZECKI,USA,ZIR,0
ZEIMENTZ,Mike,Mike ZEIMENTZ,USA,ZZM,0
ZETTERHOLM,Stefan,Stefan ZETTERHOLM,Sweden,ZMS,0
ZHANG,Xiaowei (Xavier),Xiaowei (Xavier) ZHANG,China,ZGX,0
Burtt,Bill,Bill Burtt,,BtB1,0
ZHENG,Johnny (Guangjun),Johnny (Guangjun) ZHENG,China,ZGJ,0
ZIELINSKI,Collin,Collin ZIELINSKI,USA,ZIC,0
ZIELINSKI,Kileigh,Kileigh ZIELINSKI,USA,ZIK,0
ZIELINSKI,Mark,Mark ZIELINSKI,USA,ZIM,0
ZINSELMEYER,Bob,Bob ZINSELMEYER,USA,ZRR,0
ZOET,Larry,Larry ZOET,USA,ZTL,0
ZOPFF,Bill,Bill ZOPFF,USA,ZFB,0
ZUCKER,Dan,Dan ZUCKER,USA,ZRD,0
Ȃberg,Pierre,Pierre Ȃberg,Sweden,AGP,0
MISSING-1,,Missing-1,,MISSING-1,0
MISSING-2,,Missing-2,,MISSING-2,0
MISSING-3,,Missing-3,,MISSING-3,0
MISSING-4,,Missing-4,,MISSING-4,0
MISSING-5,,Missing-5,,MISSING-5,0
MISSING-6,,Missing-6,,MISSING-6,0
MISSING-7,,Missing-7,,MISSING-7,0
KOPPMEYER,Christian,Christian KOPPMEYER,,KRC,0
MISSING-9,,Missing-9,,MISSING-9,0
MISSING-10,,Missing-10,,MISSING-10,0
MISSING-11,,Missing-11,,MISSING-11,0
MISSING-12,,Missing-12,,MISSING-12,0
MISSING-13,,Missing-13,,MISSING-13,0
MISSING-14,,Missing-14,,MISSING-14,0
MISSING-15,,Missing-15,,MISSING-15,0
MISSING-16,,Missing-16,,MISSING-16,0
MISSING-17,,Missing-17,,MISSING-17,0
MISSING-18,,Missing-18,,MISSING-18,0
MISISNG-19,,Missing-19,,MISSING-19,0
MISSING-20,,Missing-20,,MISSING-20,0
MISSING-21,,Missing-21,,MISSING-21,0
DEVAUX,Jean,Jean DEVAUX,,DXJ,0
MISSING-23,,Missing-23,,MISSING-23,0
MISSING-24,,Missing-24,,MISSING-24,0
ELLIS,Matthew,Matthew ELLIS,UK,E1M,0
CAMPEN,Andrew,Andrew CAMPEN,UK,O2A,0
HUME,Alan,Alan HUME,UK,HEA,0
HOSKINS,Andrew,Andrew HOSKINS,USA,H1A,0
HEMMINGER,Eldon,Eldon HEMMINGER,,HRE1,0
LEE,Larry,Larry LEE,,LEL1,0
Benjamin,Norman,Norman Benjamin,,N1,0
Trébosc,François,François Trébosc,,TcF1,0
Djordjevic,Ljubomir,Ljubomir Djordjevic,,DcL1,0
Duchon,Philippe,Philippe Duchon,,DnP1,0
Javanabal,Bruno,Bruno Javanabal,,JlB1,0
JOUIN,Eric,Eric JOUIN,,JNE1,0
Magnusson,Tim,Tim Magnusson,,MnT1,0
Balis,Mike,Mike Balis,USA,BsM1,0
Karlsson,Björn-Erik,Björn-Erik Karlsson,Sweden,KnB1,0
Koch,Kris,Kris Koch,,KhK1,0
Kuchta,David,David Kuchta,,KaD1,0
Giaroni,Alfredo,Alfredo Giaroni,unknown,GiA1,0
Grassi,Maurizo,Maurizo Grassi,,GiM1,0
Santos,Pedro,Pedro Santos,,SsP1,0
Allen,Mick,Mick Allen,,AnM1,0
Ayres,Joel,Joel Ayres,,AsJ1,0
Howison-Haworth,Jeremy,Jeremy Howison-Haworth,,HhJ1,0
Bagley,Andy,Andy Bagley,,ByA1,0
Greenshields,Frazer,Frazer Greenshields,,GsF1,0
Gericke,Gerrit,Gerrit Gericke,,GeG1,0
Strasser,Frank,Frank Strasser,,SrF1,0
Bellini,Jim,Jim Bellini,,BiJ1,0
Wallace,David,David Wallace,,WeD1,0
Garcia,Pablo Silva,Pablo Silva Garcia,,GaP1,0
Fortenberry,Gary ,Gary  Fortenberry,,FyG1,0
Chamberland,Paul ,Paul  Chamberland,,CdP1,0
Roundhill,Vs Brian,Vs Brian Roundhill,,RlV1,0
Killeen,Kevin ,Kevin  Killeen,,KnK1,0
Richardson,Brenda,Brenda Richardson,Canada,RnB2,0
Dejean,Cédric,Cédric Dejean,,DnC1,0
Geryk,Bruce,Bruce Geryk,,GkB2,0
Demeocq,André,André Demeocq,,DqA1,0
Dejean,Cédric,Cédric Dejean,,DnC1,0
Coté,René,René Coté,,CeR1,0
Dejean,Cédric,Cédric Dejean,,DnC1,0
Dejean,Cédric,Cédric Dejean,,DnC1,0
Dejean,Cédric,Cédric Dejean,,DnC1,0
Caltabiano,Alessandro,Alessandro Caltabiano,,CoA1,0
Dempsey,Jack,Jack Dempsey,,DyJ1,0
Martinez,Juanjo,Juanjo Martinez,,MzJ1,0
Nicola,Bud,Bud Nicola,,NaB1,0
Coté,R.,R. Coté,,C,0
Van Hoy,Michael,Michael Van Hoy,,VyM2,0
Goldin,Andrew,Andrew Goldin,,GnA1,0
Kirkpatrick,Albert,Albert Kirkpatrick,,KkA1,0
Weiss,Raymond,Raymond Weiss,,WsR1,0
Sellars,Lee Hyde,Lee Hyde Sellars,,SsL1,0
Shilling,Curt,Curt Shilling,,SgC1,0
O'donnell,Hugh,Hugh O'donnell,,OlH1,0
Sherer,Scott,Scott Sherer,,SrS1,0
Kock,Kris,Kris Kock,,KkK1,0
Dye,Charles,Charles Dye,,DeC1,0
Dragonetti,Jay,Jay Dragonetti,,DiJ1,0
Catacchini,Maurizio,Maurizio Catacchini,,CiM1,0
Deissler,Tobias,Tobias Deissler,,DrT1,0
Orrit,Pau,Pau Orrit,,OtP1,0
Cooley,Doug,Doug Cooley,,CyD1,0
Ho,Wesley,Wesley Ho,,HoW1,0
Brooks,Chris,Chris Brooks,,BsC1,0
Lindberg,Christian,Christian Lindberg,,LgC1,0
Høgenhaug,Ketil,Ketil Høgenhaug,,HgK1,0
Lidemyr,Gustav,Gustav Lidemyr,,LrG1,0
Paulus,Jason,Jason Paulus,,PsJ1,0
Ding,Rodney,Rodney Ding,,DgR1,0
Krause,Alan,Alan Krause,,KeA1,0
Rogneholt,Peter,Peter Rogneholt,,RtP1,0
García,Ricardo,Ricardo García,,GaR1,0
Björkhem,Martin,Martin Björkhem,,BmM1,0
Kristenssen,Martin,Martin Kristenssen,,KnM2,0
Lorenzen,Bjørn,Bjørn Lorenzen,,LnB1,0
Rutkowski,Ken,Ken Rutkowski,USA - Michigan,RiK1,0
Caltabiano,Sebastiano,Sebastiano Caltabiano,,CoS1,0
Taylor,James,James Taylor,,TrJ1,0
Barnes,Ed,Ed Barnes,,BsE1,0
Dagnell,Richard,Richard Dagnell,,DlR1,0
Palmer,Peter-James,Peter-James Palmer,,PrP1,0
Logger,Paul,Paul Logger,,LrP1,0
Catchpole,Peter,Peter Catchpole,,CeP1,0
Legge,Morris,Morris Legge,,LeM1,0
Catchpole,Adrian,Adrian Catchpole,,CeA1,0
Burbery,Peter,Peter Burbery,,ByP1,0
Fortyseven,Walter,Walter Fortyseven,,FnW1,0
Dennehy,Mark,Mark Dennehy,,DyM1,0
Kapleau,Jonathan,Jonathan Kapleau,,KuJ1,0
Schaaf,Robert,Robert Schaaf,,SfR1,0
Tyler,Cary,Cary Tyler,,TrC1,0
Cioccio,Peter Di,Peter Di Cioccio,,CoP1,0
Groo,Eric,Eric Groo,,GoE1,0
Washington,Paul,Paul Washington,,WnP1,0
Grabow,Barry,Barry Grabow,,GwB1,0
Courtnay,Peter,Peter Courtnay,,CyP1,0
Cook,Steven,Steven Cook,,CkS1,0
Wirthlin,Julius,Julius Wirthlin,,WnJ1,0
LaRochelle,Joseph,Joseph LaRochelle,,LeJ1,0
Brooks,Jacob,Jacob Brooks,,BsJ2,0
Sørensen,Søren Sandager,Søren Sandager Sørensen,,SnS1,0
Jelstad,Lars,Lars Jelstad,,JdL1,0
Thomander,Jens,Jens Thomander,,TrJ2,0
Stultz,Michael,Michael Stultz,,SzM1,0
Hess,Dennis,Dennis Hess,,HsD1,0
Simpson,Jay,Jay Simpson,,SnJ1,0
MacDermid,Glen,Glen MacDermid,,MdG1,0
Yee,Brian,Brian Yee,,YeB1,0
Lee,Harry,Harry Lee,,LeH1,0
Bennett,Ken,Ken Bennett,,BtK1,0
Fisher,Lyle,Lyle Fisher,,FrL1,0
Koida,Brandon,Brandon Koida,,KaB1,0
Echols,Anthony,Anthony Echols,,EsA1,0
Lobban,Rod,Rod Lobban,,LnR1,0
Stevenson,Bruce,Bruce Stevenson,,SnB1,0
Knudsen,Christian,Christian Knudsen,,KnC1,0
Chapman,Mark,Mark Chapman,,CnM1,0
Luden,Andrew,Andrew Luden,,LnA1,0
Vieira,Richard,Richard Vieira,,VaR1,0
Meyer,Ernest,Ernest Meyer,,MrE1,0
Larcheveque,Bruno,Bruno Larcheveque,,LeB1,0
Faryna,Nick,Nick Faryna,,FaN1,0
Hiotis,George,George Hiotis,,HsG1,0
Cunningham,Dwain,Dwain Cunningham,,CmD1,0
Diduch,Philippe,Philippe Diduch,,DhP1,0
KRUGER,RAY,RAY KRUGER,,KRR1,0
LECLAIR,DENIS,DENIS LECLAIR,,LRD1,0
LIMOSANI,DEAN,DEAN LIMOSANI,,LID1,0
ROSBERG,MIKE,MIKE ROSBERG,,RGM1,0
Spriggs,Wayne,Wayne Spriggs,,SsW1,0
Weeks,Paul,Paul Weeks,,WsP1,0
POULIN,OLIVIER,OLIVIER POULIN,,PNO1,0
Grassi,Maurizio,Maurizio Grassi,Italy,1,0
Stanaway,David,David Stanaway,,SyD1,0
Sedlacka,Michal,Michal Sedlacka,,SaM1,0
Durrant,Bill,Bill Durrant,,DtB1,0
Kennedy,John,John Kennedy,,KyJ2,0
Dahlbäck,Matias,Matias Dahlbäck,,DkM1,0
Urquhart,Michael,Michael Urquhart,,UtM1,0
perret,jm,jm perret,,ptj1,0
Walmetz,Eric,Eric Walmetz,,WzE1,0
Grolivier,Unknown,Unknown Grolivier,,GrU1,0
Boileau,Pascal,Pascal Boileau,,BuP1,0
Ward,Renaud,Renaud Ward,,WdR1,0
Keurejian,Matthew,Matthew Keurejian,,KnM3,0
Gardbad,Unknown,Unknown Gardbad,,GdU1,0
Debolle,Jean Carlo,Jean Carlo Debolle,,DeJ1,0
Gouinlock,Bill,Bill Gouinlock,,GkB3,0
Lannier,Christophe,Christophe Lannier,,LrC2,0
Von Hoy,Mike,Mike Von Hoy,,VyM1,0
Gambain,Gérard,Gérard Gambain,,GnG1,0
Rogers,Michael,Michael Rogers,,RsM1,0
Drewdal,Oddgeir,Oddgeir Drewdal,,DlO2,0
Led,Jesper,Jesper Led,,LdJ1,0
Barba,Santiago Lopez,Santiago Lopez Barba,,BaS1,0
Soong,Milton,Milton Soong,,SgM1,0
Finne,Styrk,Styrk Finne,,FeS1,0
Barnes,J Edmund,J Edmund Barnes,,BsJ1,0
Garlic,Dmitri,Dmitri Garlic,,GcD1,0
Santacruz,Juan,Juan Santacruz,,SzJ1,0
Martin,Luca,Luca Martin,,MnL1,0
Ready,Varick,Varick Ready,,RyV1,0
Edmunds,Phil,Phil Edmunds,,EsP1,0
Gibson,Anthony,Anthony Gibson,,GnA2,0
Fehrenbacher,Rick,Rick Fehrenbacher,,FrR1,0
Wolk,Ryan,Ryan Wolk,,WkR1,0
Roche,Jim,Jim Roche,,ReJ1,0
Flory,Pat,Pat Flory,,FyP1,0
Denniston,Euan,Euan Denniston,,DnE1,0
Russell,Kevin,Kevin Russell,,RlK1,0
Stevenson,Keith,Keith Stevenson,,SnK1,0
Guo,Bing,Bing Guo,,GoB1,0
Wenbin(Lyonald),Huang,Huang Wenbin(Lyonald),China,HgL1,0
Canzolino,Frank,Frank Canzolino,,CoF1,0
Burton,Drew,Drew Burton,,BnD1,0
Ekengren,Neal,Neal Ekengren,,EnN1,0
Sullivan,Dan,Dan Sullivan,,SnD1,0
Kocot,Dave,Dave Kocot,,KtD1,0
Kay,Johnathan,Johnathan Kay,,KyJ1,0
Stibits,Mike,Mike Stibits,,SsM1,0
Loper,Rob,Rob Loper,,LrR1,0
Arietta,Rob,Rob Arietta,,AaR1,0
Mioiduski,Ken,Ken Mioiduski,,MiK1,0
Grandjean,Nicolas,Nicolas Grandjean,,GnN1,0
Willows,William,William Willows,,WsW1,0
Hogenhaug,Ketil,Ketil Hogenhaug,,HgK2,0
Ellet,Ryan,Ryan Ellet,,EtR1,0
Saarinen,Mikko,Mikko Saarinen,,SnM1,0
Rudd,Mike,Mike Rudd,UK,RdM1,0
Sockwell,Mark,Mark Sockwell,,SlM1,0
Routh,Alex,Alex Routh,,RhA1,0
Lindgren,Joe,Joe Lindgren,,LnJ1,0
Young,George,George Young,,YgG1,0
Love,Tracey,Tracey Love,,LeT1,0
Rogers,Dean,Dean Rogers,,RsD1,0
Boles,Amanda,Amanda Boles,,BsA1,0
Fenton,Don,Don Fenton,,FnD1,0
McBee,Stephen,Stephen McBee,,MeS1,0
Zavala,Felipe,Felipe Zavala,,ZaF1,0
Ortiz,Orlando,Orlando Ortiz,,OzO1,0
Pandori,Mark,Mark Pandori,,PiM1,0
Lee,Woody,Woody Lee,,LeW1,0
Anderson,Chuck,Chuck Anderson,,AnC1,0
Davidson,Devon,Devon Davidson,,DnD1,0
Powell,John,John Powell,,J1,0
Nailing,David,David Nailing,,NgD1,0
,Jim Svette,Jim Svette ,,J2,0
Blackman,Matt,Matt Blackman,,BnM1,0
Douglas,David,David Douglas,,DsD1,0
Bott,George,George Bott,,BtG1,0
,Bill Thomson,Bill Thomson ,,B1,0
Douglas,Art,Art Douglas,,DsA1,0
Finan,David,David Finan,,FnD2,0
Cheever,Dave,Dave Cheever,,CrD1,0
Bert,Jim,Jim Bert,,BtJ1,0
Dobbs,Trent,Trent Dobbs,USA,DsT1,0
